[INFO] Scanning for projects...
[INFO] 
[INFO] --------------------< br.com.radarfornecedor:radar >--------------------
[INFO] Building  0.0.1-SNAPSHOT
[INFO]   from pom.xml
[INFO] --------------------------------[ jar ]---------------------------------
[INFO] 
[INFO] >>> spring-boot:2.7.14:run (default-cli) > test-compile @ radar >>>
[INFO] 
[INFO] --- resources:3.2.0:resources (default-resources) @ radar ---
[INFO] Using 'UTF-8' encoding to copy filtered resources.
[INFO] Using 'UTF-8' encoding to copy filtered properties files.
[INFO] Copying 1 resource
[INFO] Copying 40 resources
[INFO] 
[INFO] --- compiler:3.10.1:compile (default-compile) @ radar ---
[INFO] Nothing to compile - all classes are up to date
[INFO] 
[INFO] --- resources:3.2.0:testResources (default-testResources) @ radar ---
[INFO] Using 'UTF-8' encoding to copy filtered resources.
[INFO] Using 'UTF-8' encoding to copy filtered properties files.
[INFO] skip non existing resourceDirectory C:\Visão_Futura\Projeto_Radar_Fornecedor\radar\src\test\resources
[INFO] 
[INFO] --- compiler:3.10.1:testCompile (default-testCompile) @ radar ---
[INFO] Nothing to compile - all classes are up to date
[INFO] 
[INFO] <<< spring-boot:2.7.14:run (default-cli) < test-compile @ radar <<<
[INFO] 
[INFO] 
[INFO] --- spring-boot:2.7.14:run (default-cli) @ radar ---
[INFO] Attaching agents: []

  .   ____          _            __ _ _
 /\\ / ___'_ __ _ _(_)_ __  __ _ \ \ \ \
( ( )\___ | '_ | '_| | '_ \/ _` | \ \ \ \
 \\/  ___)| |_)| | | | | || (_| |  ) ) ) )
  '  |____| .__|_| |_|_| |_\__, | / / / /
 =========|_|==============|___/=/_/_/_/
 :: Spring Boot ::               (v2.7.14)

2026-09-21 09:39:07.333  INFO 12556 --- [           main] b.c.r.radar.RadarApplication             : Starting RadarApplication using Java 11.0.28 on NoteDEV with PID 12556 (C:\Visão_Futura\Projeto_Radar_Fornecedor\radar\target\classes started by Inceptor in C:\Visão_Futura\Projeto_Radar_Fornecedor\radar)
2026-09-21 09:39:07.340  INFO 12556 --- [           main] b.c.r.radar.RadarApplication             : No active profile set, falling back to 1 default profile: "default"
2026-09-21 09:39:09.277  INFO 12556 --- [           main] .s.d.r.c.RepositoryConfigurationDelegate : Bootstrapping Spring Data JPA repositories in DEFAULT mode.
2026-09-21 09:39:09.589  INFO 12556 --- [           main] .s.d.r.c.RepositoryConfigurationDelegate : Finished Spring Data repository scanning in 286 ms. Found 10 JPA repository interfaces.
[DATABASE CONFIG] Usando banco em: C:\Visão_Futura\Projeto_Radar_Fornecedor\radar\DBLRadar.db
2026-09-21 09:39:11.712  INFO 12556 --- [           main] o.s.b.w.embedded.tomcat.TomcatWebServer  : Tomcat initialized with port(s): 8080 (http)
2026-09-21 09:39:11.735  INFO 12556 --- [           main] o.apache.catalina.core.StandardService   : Starting service [Tomcat]
2026-09-21 09:39:11.735  INFO 12556 --- [           main] org.apache.catalina.core.StandardEngine  : Starting Servlet engine: [Apache Tomcat/9.0.78]
2026-09-21 09:39:11.997  INFO 12556 --- [           main] o.a.c.c.C.[Tomcat].[localhost].[/]       : Initializing Spring embedded WebApplicationContext
2026-09-21 09:39:11.997  INFO 12556 --- [           main] w.s.c.ServletWebServerApplicationContext : Root WebApplicationContext: initialization completed in 4550 ms
2026-09-21 09:39:12.148  INFO 12556 --- [           main] com.zaxxer.hikari.HikariDataSource       : HikariPool-1 - Starting...
2026-09-21 09:39:12.377  INFO 12556 --- [           main] com.zaxxer.hikari.HikariDataSource       : HikariPool-1 - Start completed.
2026-09-21 09:39:12.564  INFO 12556 --- [           main] o.hibernate.jpa.internal.util.LogHelper  : HHH000204: Processing PersistenceUnitInfo [name: default]
2026-09-21 09:39:12.686  INFO 12556 --- [           main] org.hibernate.Version                    : HHH000412: Hibernate ORM core version 5.6.15.Final
2026-09-21 09:39:13.016  INFO 12556 --- [           main] o.hibernate.annotations.common.Version   : HCANN000001: Hibernate Commons Annotations {5.1.2.Final}
2026-09-21 09:39:13.241  INFO 12556 --- [           main] org.hibernate.dialect.Dialect            : HHH000400: Using dialect: org.hibernate.dialect.H2Dialect
2026-09-21 09:39:13.252  WARN 12556 --- [           main] org.hibernate.dialect.H2Dialect          : HHH000431: Unable to determine H2 database version, certain features may not work
2026-09-21 09:39:14.863  WARN 12556 --- [           main] o.h.t.s.i.ExceptionHandlerLoggedImpl     : GenerationTarget encountered exception accepting command : Error executing DDL "create table atividades (id bigint generated by default as identity, ativa boolean not null, atualizada_em timestamp, cnae varchar(10), criada_em timestamp not null, descricao varchar(255) not null, divisao varchar(5), secao varchar(5), primary key (id))" via JDBC Statement

org.hibernate.tool.schema.spi.CommandAcceptanceException: Error executing DDL "create table atividades (id bigint generated by default as identity, ativa boolean not null, atualizada_em timestamp, cnae varchar(10), criada_em timestamp not null, descricao varchar(255) not null, divisao varchar(5), secao varchar(5), primary key (id))" via JDBC Statement
	at org.hibernate.tool.schema.internal.exec.GenerationTargetToDatabase.accept(GenerationTargetToDatabase.java:67) ~[hibernate-core-5.6.15.Final.jar:5.6.15.Final]
	at org.hibernate.tool.schema.internal.AbstractSchemaMigrator.applySqlString(AbstractSchemaMigrator.java:581) ~[hibernate-core-5.6.15.Final.jar:5.6.15.Final]
	at org.hibernate.tool.schema.internal.AbstractSchemaMigrator.applySqlStrings(AbstractSchemaMigrator.java:526) ~[hibernate-core-5.6.15.Final.jar:5.6.15.Final]
	at org.hibernate.tool.schema.internal.AbstractSchemaMigrator.createTable(AbstractSchemaMigrator.java:293) ~[hibernate-core-5.6.15.Final.jar:5.6.15.Final]
	at org.hibernate.tool.schema.internal.GroupedSchemaMigratorImpl.performTablesMigration(GroupedSchemaMigratorImpl.java:74) ~[hibernate-core-5.6.15.Final.jar:5.6.15.Final]
	at org.hibernate.tool.schema.internal.AbstractSchemaMigrator.performMigration(AbstractSchemaMigrator.java:220) ~[hibernate-core-5.6.15.Final.jar:5.6.15.Final]
	at org.hibernate.tool.schema.internal.AbstractSchemaMigrator.doMigration(AbstractSchemaMigrator.java:123) ~[hibernate-core-5.6.15.Final.jar:5.6.15.Final]
	at org.hibernate.tool.schema.spi.SchemaManagementToolCoordinator.performDatabaseAction(SchemaManagementToolCoordinator.java:196) ~[hibernate-core-5.6.15.Final.jar:5.6.15.Final]
	at org.hibernate.tool.schema.spi.SchemaManagementToolCoordinator.process(SchemaManagementToolCoordinator.java:85) ~[hibernate-core-5.6.15.Final.jar:5.6.15.Final]
	at org.hibernate.internal.SessionFactoryImpl.<init>(SessionFactoryImpl.java:335) ~[hibernate-core-5.6.15.Final.jar:5.6.15.Final]
	at org.hibernate.boot.internal.SessionFactoryBuilderImpl.build(SessionFactoryBuilderImpl.java:471) ~[hibernate-core-5.6.15.Final.jar:5.6.15.Final]
	at org.hibernate.jpa.boot.internal.EntityManagerFactoryBuilderImpl.build(EntityManagerFactoryBuilderImpl.java:1498) ~[hibernate-core-5.6.15.Final.jar:5.6.15.Final]
	at org.springframework.orm.jpa.vendor.SpringHibernateJpaPersistenceProvider.createContainerEntityManagerFactory(SpringHibernateJpaPersistenceProvider.java:58) ~[spring-orm-5.3.29.jar:5.3.29]
	at org.springframework.orm.jpa.LocalContainerEntityManagerFactoryBean.createNativeEntityManagerFactory(LocalContainerEntityManagerFactoryBean.java:365) ~[spring-orm-5.3.29.jar:5.3.29]
	at org.springframework.orm.jpa.AbstractEntityManagerFactoryBean.buildNativeEntityManagerFactory(AbstractEntityManagerFactoryBean.java:409) ~[spring-orm-5.3.29.jar:5.3.29]
	at org.springframework.orm.jpa.AbstractEntityManagerFactoryBean.afterPropertiesSet(AbstractEntityManagerFactoryBean.java:396) ~[spring-orm-5.3.29.jar:5.3.29]
	at org.springframework.orm.jpa.LocalContainerEntityManagerFactoryBean.afterPropertiesSet(LocalContainerEntityManagerFactoryBean.java:341) ~[spring-orm-5.3.29.jar:5.3.29]
	at org.springframework.beans.factory.support.AbstractAutowireCapableBeanFactory.invokeInitMethods(AbstractAutowireCapableBeanFactory.java:1863) ~[spring-beans-5.3.29.jar:5.3.29]
	at org.springframework.beans.factory.support.AbstractAutowireCapableBeanFactory.initializeBean(AbstractAutowireCapableBeanFactory.java:1800) ~[spring-beans-5.3.29.jar:5.3.29]
	at org.springframework.beans.factory.support.AbstractAutowireCapableBeanFactory.doCreateBean(AbstractAutowireCapableBeanFactory.java:620) ~[spring-beans-5.3.29.jar:5.3.29]
	at org.springframework.beans.factory.support.AbstractAutowireCapableBeanFactory.createBean(AbstractAutowireCapableBeanFactory.java:542) ~[spring-beans-5.3.29.jar:5.3.29]
	at org.springframework.beans.factory.support.AbstractBeanFactory.lambda$doGetBean$0(AbstractBeanFactory.java:335) ~[spring-beans-5.3.29.jar:5.3.29]
	at org.springframework.beans.factory.support.DefaultSingletonBeanRegistry.getSingleton(DefaultSingletonBeanRegistry.java:234) ~[spring-beans-5.3.29.jar:5.3.29]
	at org.springframework.beans.factory.support.AbstractBeanFactory.doGetBean(AbstractBeanFactory.java:333) ~[spring-beans-5.3.29.jar:5.3.29]
	at org.springframework.beans.factory.support.AbstractBeanFactory.getBean(AbstractBeanFactory.java:208) ~[spring-beans-5.3.29.jar:5.3.29]
	at org.springframework.context.support.AbstractApplicationContext.getBean(AbstractApplicationContext.java:1157) ~[spring-context-5.3.29.jar:5.3.29]
	at org.springframework.context.support.AbstractApplicationContext.finishBeanFactoryInitialization(AbstractApplicationContext.java:911) ~[spring-context-5.3.29.jar:5.3.29]
	at org.springframework.context.support.AbstractApplicationContext.refresh(AbstractApplicationContext.java:583) ~[spring-context-5.3.29.jar:5.3.29]
	at org.springframework.boot.web.servlet.context.ServletWebServerApplicationContext.refresh(ServletWebServerApplicationContext.java:147) ~[spring-boot-2.7.14.jar:2.7.14]
	at org.springframework.boot.SpringApplication.refresh(SpringApplication.java:731) ~[spring-boot-2.7.14.jar:2.7.14]
	at org.springframework.boot.SpringApplication.refreshContext(SpringApplication.java:408) ~[spring-boot-2.7.14.jar:2.7.14]
	at org.springframework.boot.SpringApplication.run(SpringApplication.java:307) ~[spring-boot-2.7.14.jar:2.7.14]
	at org.springframework.boot.SpringApplication.run(SpringApplication.java:1303) ~[spring-boot-2.7.14.jar:2.7.14]
	at org.springframework.boot.SpringApplication.run(SpringApplication.java:1292) ~[spring-boot-2.7.14.jar:2.7.14]
	at br.com.radarfornecedor.radar.RadarApplication.main(RadarApplication.java:10) ~[classes/:na]
Caused by: org.sqlite.SQLiteException: [SQLITE_ERROR] SQL error or missing database (table atividades already exists)
	at org.sqlite.core.DB.newSQLException(DB.java:1179) ~[sqlite-jdbc-3.45.3.0.jar:na]
	at org.sqlite.core.DB.newSQLException(DB.java:1190) ~[sqlite-jdbc-3.45.3.0.jar:na]
	at org.sqlite.core.DB.throwex(DB.java:1150) ~[sqlite-jdbc-3.45.3.0.jar:na]
	at org.sqlite.core.NativeDB.prepare_utf8(Native Method) ~[sqlite-jdbc-3.45.3.0.jar:na]
	at org.sqlite.core.NativeDB.prepare(NativeDB.java:132) ~[sqlite-jdbc-3.45.3.0.jar:na]
	at org.sqlite.core.DB.prepare(DB.java:264) ~[sqlite-jdbc-3.45.3.0.jar:na]
	at org.sqlite.jdbc3.JDBC3Statement.lambda$execute$0(JDBC3Statement.java:54) ~[sqlite-jdbc-3.45.3.0.jar:na]
	at org.sqlite.jdbc3.JDBC3Statement.withConnectionTimeout(JDBC3Statement.java:454) ~[sqlite-jdbc-3.45.3.0.jar:na]
	at org.sqlite.jdbc3.JDBC3Statement.execute(JDBC3Statement.java:43) ~[sqlite-jdbc-3.45.3.0.jar:na]
	at com.zaxxer.hikari.pool.ProxyStatement.execute(ProxyStatement.java:94) ~[HikariCP-4.0.3.jar:na]
	at com.zaxxer.hikari.pool.HikariProxyStatement.execute(HikariProxyStatement.java) ~[HikariCP-4.0.3.jar:na]
	at org.hibernate.tool.schema.internal.exec.GenerationTargetToDatabase.accept(GenerationTargetToDatabase.java:54) ~[hibernate-core-5.6.15.Final.jar:5.6.15.Final]
	... 34 common frames omitted

2026-09-21 09:39:14.866  WARN 12556 --- [           main] o.h.t.s.i.ExceptionHandlerLoggedImpl     : GenerationTarget encountered exception accepting command : Error executing DDL "create table categorias (id bigint generated by default as identity, ativa boolean not null, atualizada_em timestamp, criada_em timestamp not null, descricao varchar(500), icone varchar(50), nome varchar(255) not null, primary key (id))" via JDBC Statement

org.hibernate.tool.schema.spi.CommandAcceptanceException: Error executing DDL "create table categorias (id bigint generated by default as identity, ativa boolean not null, atualizada_em timestamp, criada_em timestamp not null, descricao varchar(500), icone varchar(50), nome varchar(255) not null, primary key (id))" via JDBC Statement
	at org.hibernate.tool.schema.internal.exec.GenerationTargetToDatabase.accept(GenerationTargetToDatabase.java:67) ~[hibernate-core-5.6.15.Final.jar:5.6.15.Final]
	at org.hibernate.tool.schema.internal.AbstractSchemaMigrator.applySqlString(AbstractSchemaMigrator.java:581) ~[hibernate-core-5.6.15.Final.jar:5.6.15.Final]
	at org.hibernate.tool.schema.internal.AbstractSchemaMigrator.applySqlStrings(AbstractSchemaMigrator.java:526) ~[hibernate-core-5.6.15.Final.jar:5.6.15.Final]
	at org.hibernate.tool.schema.internal.AbstractSchemaMigrator.createTable(AbstractSchemaMigrator.java:293) ~[hibernate-core-5.6.15.Final.jar:5.6.15.Final]
	at org.hibernate.tool.schema.internal.GroupedSchemaMigratorImpl.performTablesMigration(GroupedSchemaMigratorImpl.java:74) ~[hibernate-core-5.6.15.Final.jar:5.6.15.Final]
	at org.hibernate.tool.schema.internal.AbstractSchemaMigrator.performMigration(AbstractSchemaMigrator.java:220) ~[hibernate-core-5.6.15.Final.jar:5.6.15.Final]
	at org.hibernate.tool.schema.internal.AbstractSchemaMigrator.doMigration(AbstractSchemaMigrator.java:123) ~[hibernate-core-5.6.15.Final.jar:5.6.15.Final]
	at org.hibernate.tool.schema.spi.SchemaManagementToolCoordinator.performDatabaseAction(SchemaManagementToolCoordinator.java:196) ~[hibernate-core-5.6.15.Final.jar:5.6.15.Final]
	at org.hibernate.tool.schema.spi.SchemaManagementToolCoordinator.process(SchemaManagementToolCoordinator.java:85) ~[hibernate-core-5.6.15.Final.jar:5.6.15.Final]
	at org.hibernate.internal.SessionFactoryImpl.<init>(SessionFactoryImpl.java:335) ~[hibernate-core-5.6.15.Final.jar:5.6.15.Final]
	at org.hibernate.boot.internal.SessionFactoryBuilderImpl.build(SessionFactoryBuilderImpl.java:471) ~[hibernate-core-5.6.15.Final.jar:5.6.15.Final]
	at org.hibernate.jpa.boot.internal.EntityManagerFactoryBuilderImpl.build(EntityManagerFactoryBuilderImpl.java:1498) ~[hibernate-core-5.6.15.Final.jar:5.6.15.Final]
	at org.springframework.orm.jpa.vendor.SpringHibernateJpaPersistenceProvider.createContainerEntityManagerFactory(SpringHibernateJpaPersistenceProvider.java:58) ~[spring-orm-5.3.29.jar:5.3.29]
	at org.springframework.orm.jpa.LocalContainerEntityManagerFactoryBean.createNativeEntityManagerFactory(LocalContainerEntityManagerFactoryBean.java:365) ~[spring-orm-5.3.29.jar:5.3.29]
	at org.springframework.orm.jpa.AbstractEntityManagerFactoryBean.buildNativeEntityManagerFactory(AbstractEntityManagerFactoryBean.java:409) ~[spring-orm-5.3.29.jar:5.3.29]
	at org.springframework.orm.jpa.AbstractEntityManagerFactoryBean.afterPropertiesSet(AbstractEntityManagerFactoryBean.java:396) ~[spring-orm-5.3.29.jar:5.3.29]
	at org.springframework.orm.jpa.LocalContainerEntityManagerFactoryBean.afterPropertiesSet(LocalContainerEntityManagerFactoryBean.java:341) ~[spring-orm-5.3.29.jar:5.3.29]
	at org.springframework.beans.factory.support.AbstractAutowireCapableBeanFactory.invokeInitMethods(AbstractAutowireCapableBeanFactory.java:1863) ~[spring-beans-5.3.29.jar:5.3.29]
	at org.springframework.beans.factory.support.AbstractAutowireCapableBeanFactory.initializeBean(AbstractAutowireCapableBeanFactory.java:1800) ~[spring-beans-5.3.29.jar:5.3.29]
	at org.springframework.beans.factory.support.AbstractAutowireCapableBeanFactory.doCreateBean(AbstractAutowireCapableBeanFactory.java:620) ~[spring-beans-5.3.29.jar:5.3.29]
	at org.springframework.beans.factory.support.AbstractAutowireCapableBeanFactory.createBean(AbstractAutowireCapableBeanFactory.java:542) ~[spring-beans-5.3.29.jar:5.3.29]
	at org.springframework.beans.factory.support.AbstractBeanFactory.lambda$doGetBean$0(AbstractBeanFactory.java:335) ~[spring-beans-5.3.29.jar:5.3.29]
	at org.springframework.beans.factory.support.DefaultSingletonBeanRegistry.getSingleton(DefaultSingletonBeanRegistry.java:234) ~[spring-beans-5.3.29.jar:5.3.29]
	at org.springframework.beans.factory.support.AbstractBeanFactory.doGetBean(AbstractBeanFactory.java:333) ~[spring-beans-5.3.29.jar:5.3.29]
	at org.springframework.beans.factory.support.AbstractBeanFactory.getBean(AbstractBeanFactory.java:208) ~[spring-beans-5.3.29.jar:5.3.29]
	at org.springframework.context.support.AbstractApplicationContext.getBean(AbstractApplicationContext.java:1157) ~[spring-context-5.3.29.jar:5.3.29]
	at org.springframework.context.support.AbstractApplicationContext.finishBeanFactoryInitialization(AbstractApplicationContext.java:911) ~[spring-context-5.3.29.jar:5.3.29]
	at org.springframework.context.support.AbstractApplicationContext.refresh(AbstractApplicationContext.java:583) ~[spring-context-5.3.29.jar:5.3.29]
	at org.springframework.boot.web.servlet.context.ServletWebServerApplicationContext.refresh(ServletWebServerApplicationContext.java:147) ~[spring-boot-2.7.14.jar:2.7.14]
	at org.springframework.boot.SpringApplication.refresh(SpringApplication.java:731) ~[spring-boot-2.7.14.jar:2.7.14]
	at org.springframework.boot.SpringApplication.refreshContext(SpringApplication.java:408) ~[spring-boot-2.7.14.jar:2.7.14]
	at org.springframework.boot.SpringApplication.run(SpringApplication.java:307) ~[spring-boot-2.7.14.jar:2.7.14]
	at org.springframework.boot.SpringApplication.run(SpringApplication.java:1303) ~[spring-boot-2.7.14.jar:2.7.14]
	at org.springframework.boot.SpringApplication.run(SpringApplication.java:1292) ~[spring-boot-2.7.14.jar:2.7.14]
	at br.com.radarfornecedor.radar.RadarApplication.main(RadarApplication.java:10) ~[classes/:na]
Caused by: org.sqlite.SQLiteException: [SQLITE_ERROR] SQL error or missing database (table categorias already exists)
	at org.sqlite.core.DB.newSQLException(DB.java:1179) ~[sqlite-jdbc-3.45.3.0.jar:na]
	at org.sqlite.core.DB.newSQLException(DB.java:1190) ~[sqlite-jdbc-3.45.3.0.jar:na]
	at org.sqlite.core.DB.throwex(DB.java:1150) ~[sqlite-jdbc-3.45.3.0.jar:na]
	at org.sqlite.core.NativeDB.prepare_utf8(Native Method) ~[sqlite-jdbc-3.45.3.0.jar:na]
	at org.sqlite.core.NativeDB.prepare(NativeDB.java:132) ~[sqlite-jdbc-3.45.3.0.jar:na]
	at org.sqlite.core.DB.prepare(DB.java:264) ~[sqlite-jdbc-3.45.3.0.jar:na]
	at org.sqlite.jdbc3.JDBC3Statement.lambda$execute$0(JDBC3Statement.java:54) ~[sqlite-jdbc-3.45.3.0.jar:na]
	at org.sqlite.jdbc3.JDBC3Statement.withConnectionTimeout(JDBC3Statement.java:454) ~[sqlite-jdbc-3.45.3.0.jar:na]
	at org.sqlite.jdbc3.JDBC3Statement.execute(JDBC3Statement.java:43) ~[sqlite-jdbc-3.45.3.0.jar:na]
	at com.zaxxer.hikari.pool.ProxyStatement.execute(ProxyStatement.java:94) ~[HikariCP-4.0.3.jar:na]
	at com.zaxxer.hikari.pool.HikariProxyStatement.execute(HikariProxyStatement.java) ~[HikariCP-4.0.3.jar:na]
	at org.hibernate.tool.schema.internal.exec.GenerationTargetToDatabase.accept(GenerationTargetToDatabase.java:54) ~[hibernate-core-5.6.15.Final.jar:5.6.15.Final]
	... 34 common frames omitted

2026-09-21 09:39:14.876  WARN 12556 --- [           main] o.h.t.s.i.ExceptionHandlerLoggedImpl     : GenerationTarget encountered exception accepting command : Error executing DDL "alter table compradores add constraint FKhl2ekjid3ke9742u0be3a1c7q foreign key (atividade_id) references atividades" via JDBC Statement

org.hibernate.tool.schema.spi.CommandAcceptanceException: Error executing DDL "alter table compradores add constraint FKhl2ekjid3ke9742u0be3a1c7q foreign key (atividade_id) references atividades" via JDBC Statement
	at org.hibernate.tool.schema.internal.exec.GenerationTargetToDatabase.accept(GenerationTargetToDatabase.java:67) ~[hibernate-core-5.6.15.Final.jar:5.6.15.Final]
	at org.hibernate.tool.schema.internal.AbstractSchemaMigrator.applySqlString(AbstractSchemaMigrator.java:581) ~[hibernate-core-5.6.15.Final.jar:5.6.15.Final]
	at org.hibernate.tool.schema.internal.AbstractSchemaMigrator.applySqlStrings(AbstractSchemaMigrator.java:526) ~[hibernate-core-5.6.15.Final.jar:5.6.15.Final]
	at org.hibernate.tool.schema.internal.AbstractSchemaMigrator.applyForeignKeys(AbstractSchemaMigrator.java:452) ~[hibernate-core-5.6.15.Final.jar:5.6.15.Final]
	at org.hibernate.tool.schema.internal.AbstractSchemaMigrator.performMigration(AbstractSchemaMigrator.java:263) ~[hibernate-core-5.6.15.Final.jar:5.6.15.Final]
	at org.hibernate.tool.schema.internal.AbstractSchemaMigrator.doMigration(AbstractSchemaMigrator.java:123) ~[hibernate-core-5.6.15.Final.jar:5.6.15.Final]
	at org.hibernate.tool.schema.spi.SchemaManagementToolCoordinator.performDatabaseAction(SchemaManagementToolCoordinator.java:196) ~[hibernate-core-5.6.15.Final.jar:5.6.15.Final]
	at org.hibernate.tool.schema.spi.SchemaManagementToolCoordinator.process(SchemaManagementToolCoordinator.java:85) ~[hibernate-core-5.6.15.Final.jar:5.6.15.Final]
	at org.hibernate.internal.SessionFactoryImpl.<init>(SessionFactoryImpl.java:335) ~[hibernate-core-5.6.15.Final.jar:5.6.15.Final]
	at org.hibernate.boot.internal.SessionFactoryBuilderImpl.build(SessionFactoryBuilderImpl.java:471) ~[hibernate-core-5.6.15.Final.jar:5.6.15.Final]
	at org.hibernate.jpa.boot.internal.EntityManagerFactoryBuilderImpl.build(EntityManagerFactoryBuilderImpl.java:1498) ~[hibernate-core-5.6.15.Final.jar:5.6.15.Final]
	at org.springframework.orm.jpa.vendor.SpringHibernateJpaPersistenceProvider.createContainerEntityManagerFactory(SpringHibernateJpaPersistenceProvider.java:58) ~[spring-orm-5.3.29.jar:5.3.29]
	at org.springframework.orm.jpa.LocalContainerEntityManagerFactoryBean.createNativeEntityManagerFactory(LocalContainerEntityManagerFactoryBean.java:365) ~[spring-orm-5.3.29.jar:5.3.29]
	at org.springframework.orm.jpa.AbstractEntityManagerFactoryBean.buildNativeEntityManagerFactory(AbstractEntityManagerFactoryBean.java:409) ~[spring-orm-5.3.29.jar:5.3.29]
	at org.springframework.orm.jpa.AbstractEntityManagerFactoryBean.afterPropertiesSet(AbstractEntityManagerFactoryBean.java:396) ~[spring-orm-5.3.29.jar:5.3.29]
	at org.springframework.orm.jpa.LocalContainerEntityManagerFactoryBean.afterPropertiesSet(LocalContainerEntityManagerFactoryBean.java:341) ~[spring-orm-5.3.29.jar:5.3.29]
	at org.springframework.beans.factory.support.AbstractAutowireCapableBeanFactory.invokeInitMethods(AbstractAutowireCapableBeanFactory.java:1863) ~[spring-beans-5.3.29.jar:5.3.29]
	at org.springframework.beans.factory.support.AbstractAutowireCapableBeanFactory.initializeBean(AbstractAutowireCapableBeanFactory.java:1800) ~[spring-beans-5.3.29.jar:5.3.29]
	at org.springframework.beans.factory.support.AbstractAutowireCapableBeanFactory.doCreateBean(AbstractAutowireCapableBeanFactory.java:620) ~[spring-beans-5.3.29.jar:5.3.29]
	at org.springframework.beans.factory.support.AbstractAutowireCapableBeanFactory.createBean(AbstractAutowireCapableBeanFactory.java:542) ~[spring-beans-5.3.29.jar:5.3.29]
	at org.springframework.beans.factory.support.AbstractBeanFactory.lambda$doGetBean$0(AbstractBeanFactory.java:335) ~[spring-beans-5.3.29.jar:5.3.29]
	at org.springframework.beans.factory.support.DefaultSingletonBeanRegistry.getSingleton(DefaultSingletonBeanRegistry.java:234) ~[spring-beans-5.3.29.jar:5.3.29]
	at org.springframework.beans.factory.support.AbstractBeanFactory.doGetBean(AbstractBeanFactory.java:333) ~[spring-beans-5.3.29.jar:5.3.29]
	at org.springframework.beans.factory.support.AbstractBeanFactory.getBean(AbstractBeanFactory.java:208) ~[spring-beans-5.3.29.jar:5.3.29]
	at org.springframework.context.support.AbstractApplicationContext.getBean(AbstractApplicationContext.java:1157) ~[spring-context-5.3.29.jar:5.3.29]
	at org.springframework.context.support.AbstractApplicationContext.finishBeanFactoryInitialization(AbstractApplicationContext.java:911) ~[spring-context-5.3.29.jar:5.3.29]
	at org.springframework.context.support.AbstractApplicationContext.refresh(AbstractApplicationContext.java:583) ~[spring-context-5.3.29.jar:5.3.29]
	at org.springframework.boot.web.servlet.context.ServletWebServerApplicationContext.refresh(ServletWebServerApplicationContext.java:147) ~[spring-boot-2.7.14.jar:2.7.14]
	at org.springframework.boot.SpringApplication.refresh(SpringApplication.java:731) ~[spring-boot-2.7.14.jar:2.7.14]
	at org.springframework.boot.SpringApplication.refreshContext(SpringApplication.java:408) ~[spring-boot-2.7.14.jar:2.7.14]
	at org.springframework.boot.SpringApplication.run(SpringApplication.java:307) ~[spring-boot-2.7.14.jar:2.7.14]
	at org.springframework.boot.SpringApplication.run(SpringApplication.java:1303) ~[spring-boot-2.7.14.jar:2.7.14]
	at org.springframework.boot.SpringApplication.run(SpringApplication.java:1292) ~[spring-boot-2.7.14.jar:2.7.14]
	at br.com.radarfornecedor.radar.RadarApplication.main(RadarApplication.java:10) ~[classes/:na]
Caused by: org.sqlite.SQLiteException: [SQLITE_ERROR] SQL error or missing database (near "constraint": syntax error)
	at org.sqlite.core.DB.newSQLException(DB.java:1179) ~[sqlite-jdbc-3.45.3.0.jar:na]
	at org.sqlite.core.DB.newSQLException(DB.java:1190) ~[sqlite-jdbc-3.45.3.0.jar:na]
	at org.sqlite.core.DB.throwex(DB.java:1150) ~[sqlite-jdbc-3.45.3.0.jar:na]
	at org.sqlite.core.NativeDB.prepare_utf8(Native Method) ~[sqlite-jdbc-3.45.3.0.jar:na]
	at org.sqlite.core.NativeDB.prepare(NativeDB.java:132) ~[sqlite-jdbc-3.45.3.0.jar:na]
	at org.sqlite.core.DB.prepare(DB.java:264) ~[sqlite-jdbc-3.45.3.0.jar:na]
	at org.sqlite.jdbc3.JDBC3Statement.lambda$execute$0(JDBC3Statement.java:54) ~[sqlite-jdbc-3.45.3.0.jar:na]
	at org.sqlite.jdbc3.JDBC3Statement.withConnectionTimeout(JDBC3Statement.java:454) ~[sqlite-jdbc-3.45.3.0.jar:na]
	at org.sqlite.jdbc3.JDBC3Statement.execute(JDBC3Statement.java:43) ~[sqlite-jdbc-3.45.3.0.jar:na]
	at com.zaxxer.hikari.pool.ProxyStatement.execute(ProxyStatement.java:94) ~[HikariCP-4.0.3.jar:na]
	at com.zaxxer.hikari.pool.HikariProxyStatement.execute(HikariProxyStatement.java) ~[HikariCP-4.0.3.jar:na]
	at org.hibernate.tool.schema.internal.exec.GenerationTargetToDatabase.accept(GenerationTargetToDatabase.java:54) ~[hibernate-core-5.6.15.Final.jar:5.6.15.Final]
	... 33 common frames omitted

2026-09-21 09:39:14.880  WARN 12556 --- [           main] o.h.t.s.i.ExceptionHandlerLoggedImpl     : GenerationTarget encountered exception accepting command : Error executing DDL "alter table compradores add constraint FKodorm2bpkpwb19db33bka8xnq foreign key (categoria_id) references categorias" via JDBC Statement

org.hibernate.tool.schema.spi.CommandAcceptanceException: Error executing DDL "alter table compradores add constraint FKodorm2bpkpwb19db33bka8xnq foreign key (categoria_id) references categorias" via JDBC Statement
	at org.hibernate.tool.schema.internal.exec.GenerationTargetToDatabase.accept(GenerationTargetToDatabase.java:67) ~[hibernate-core-5.6.15.Final.jar:5.6.15.Final]
	at org.hibernate.tool.schema.internal.AbstractSchemaMigrator.applySqlString(AbstractSchemaMigrator.java:581) ~[hibernate-core-5.6.15.Final.jar:5.6.15.Final]
	at org.hibernate.tool.schema.internal.AbstractSchemaMigrator.applySqlStrings(AbstractSchemaMigrator.java:526) ~[hibernate-core-5.6.15.Final.jar:5.6.15.Final]
	at org.hibernate.tool.schema.internal.AbstractSchemaMigrator.applyForeignKeys(AbstractSchemaMigrator.java:452) ~[hibernate-core-5.6.15.Final.jar:5.6.15.Final]
	at org.hibernate.tool.schema.internal.AbstractSchemaMigrator.performMigration(AbstractSchemaMigrator.java:263) ~[hibernate-core-5.6.15.Final.jar:5.6.15.Final]
	at org.hibernate.tool.schema.internal.AbstractSchemaMigrator.doMigration(AbstractSchemaMigrator.java:123) ~[hibernate-core-5.6.15.Final.jar:5.6.15.Final]
	at org.hibernate.tool.schema.spi.SchemaManagementToolCoordinator.performDatabaseAction(SchemaManagementToolCoordinator.java:196) ~[hibernate-core-5.6.15.Final.jar:5.6.15.Final]
	at org.hibernate.tool.schema.spi.SchemaManagementToolCoordinator.process(SchemaManagementToolCoordinator.java:85) ~[hibernate-core-5.6.15.Final.jar:5.6.15.Final]
	at org.hibernate.internal.SessionFactoryImpl.<init>(SessionFactoryImpl.java:335) ~[hibernate-core-5.6.15.Final.jar:5.6.15.Final]
	at org.hibernate.boot.internal.SessionFactoryBuilderImpl.build(SessionFactoryBuilderImpl.java:471) ~[hibernate-core-5.6.15.Final.jar:5.6.15.Final]
	at org.hibernate.jpa.boot.internal.EntityManagerFactoryBuilderImpl.build(EntityManagerFactoryBuilderImpl.java:1498) ~[hibernate-core-5.6.15.Final.jar:5.6.15.Final]
	at org.springframework.orm.jpa.vendor.SpringHibernateJpaPersistenceProvider.createContainerEntityManagerFactory(SpringHibernateJpaPersistenceProvider.java:58) ~[spring-orm-5.3.29.jar:5.3.29]
	at org.springframework.orm.jpa.LocalContainerEntityManagerFactoryBean.createNativeEntityManagerFactory(LocalContainerEntityManagerFactoryBean.java:365) ~[spring-orm-5.3.29.jar:5.3.29]
	at org.springframework.orm.jpa.AbstractEntityManagerFactoryBean.buildNativeEntityManagerFactory(AbstractEntityManagerFactoryBean.java:409) ~[spring-orm-5.3.29.jar:5.3.29]
	at org.springframework.orm.jpa.AbstractEntityManagerFactoryBean.afterPropertiesSet(AbstractEntityManagerFactoryBean.java:396) ~[spring-orm-5.3.29.jar:5.3.29]
	at org.springframework.orm.jpa.LocalContainerEntityManagerFactoryBean.afterPropertiesSet(LocalContainerEntityManagerFactoryBean.java:341) ~[spring-orm-5.3.29.jar:5.3.29]
	at org.springframework.beans.factory.support.AbstractAutowireCapableBeanFactory.invokeInitMethods(AbstractAutowireCapableBeanFactory.java:1863) ~[spring-beans-5.3.29.jar:5.3.29]
	at org.springframework.beans.factory.support.AbstractAutowireCapableBeanFactory.initializeBean(AbstractAutowireCapableBeanFactory.java:1800) ~[spring-beans-5.3.29.jar:5.3.29]
	at org.springframework.beans.factory.support.AbstractAutowireCapableBeanFactory.doCreateBean(AbstractAutowireCapableBeanFactory.java:620) ~[spring-beans-5.3.29.jar:5.3.29]
	at org.springframework.beans.factory.support.AbstractAutowireCapableBeanFactory.createBean(AbstractAutowireCapableBeanFactory.java:542) ~[spring-beans-5.3.29.jar:5.3.29]
	at org.springframework.beans.factory.support.AbstractBeanFactory.lambda$doGetBean$0(AbstractBeanFactory.java:335) ~[spring-beans-5.3.29.jar:5.3.29]
	at org.springframework.beans.factory.support.DefaultSingletonBeanRegistry.getSingleton(DefaultSingletonBeanRegistry.java:234) ~[spring-beans-5.3.29.jar:5.3.29]
	at org.springframework.beans.factory.support.AbstractBeanFactory.doGetBean(AbstractBeanFactory.java:333) ~[spring-beans-5.3.29.jar:5.3.29]
	at org.springframework.beans.factory.support.AbstractBeanFactory.getBean(AbstractBeanFactory.java:208) ~[spring-beans-5.3.29.jar:5.3.29]
	at org.springframework.context.support.AbstractApplicationContext.getBean(AbstractApplicationContext.java:1157) ~[spring-context-5.3.29.jar:5.3.29]
	at org.springframework.context.support.AbstractApplicationContext.finishBeanFactoryInitialization(AbstractApplicationContext.java:911) ~[spring-context-5.3.29.jar:5.3.29]
	at org.springframework.context.support.AbstractApplicationContext.refresh(AbstractApplicationContext.java:583) ~[spring-context-5.3.29.jar:5.3.29]
	at org.springframework.boot.web.servlet.context.ServletWebServerApplicationContext.refresh(ServletWebServerApplicationContext.java:147) ~[spring-boot-2.7.14.jar:2.7.14]
	at org.springframework.boot.SpringApplication.refresh(SpringApplication.java:731) ~[spring-boot-2.7.14.jar:2.7.14]
	at org.springframework.boot.SpringApplication.refreshContext(SpringApplication.java:408) ~[spring-boot-2.7.14.jar:2.7.14]
	at org.springframework.boot.SpringApplication.run(SpringApplication.java:307) ~[spring-boot-2.7.14.jar:2.7.14]
	at org.springframework.boot.SpringApplication.run(SpringApplication.java:1303) ~[spring-boot-2.7.14.jar:2.7.14]
	at org.springframework.boot.SpringApplication.run(SpringApplication.java:1292) ~[spring-boot-2.7.14.jar:2.7.14]
	at br.com.radarfornecedor.radar.RadarApplication.main(RadarApplication.java:10) ~[classes/:na]
Caused by: org.sqlite.SQLiteException: [SQLITE_ERROR] SQL error or missing database (near "constraint": syntax error)
	at org.sqlite.core.DB.newSQLException(DB.java:1179) ~[sqlite-jdbc-3.45.3.0.jar:na]
	at org.sqlite.core.DB.newSQLException(DB.java:1190) ~[sqlite-jdbc-3.45.3.0.jar:na]
	at org.sqlite.core.DB.throwex(DB.java:1150) ~[sqlite-jdbc-3.45.3.0.jar:na]
	at org.sqlite.core.NativeDB.prepare_utf8(Native Method) ~[sqlite-jdbc-3.45.3.0.jar:na]
	at org.sqlite.core.NativeDB.prepare(NativeDB.java:132) ~[sqlite-jdbc-3.45.3.0.jar:na]
	at org.sqlite.core.DB.prepare(DB.java:264) ~[sqlite-jdbc-3.45.3.0.jar:na]
	at org.sqlite.jdbc3.JDBC3Statement.lambda$execute$0(JDBC3Statement.java:54) ~[sqlite-jdbc-3.45.3.0.jar:na]
	at org.sqlite.jdbc3.JDBC3Statement.withConnectionTimeout(JDBC3Statement.java:454) ~[sqlite-jdbc-3.45.3.0.jar:na]
	at org.sqlite.jdbc3.JDBC3Statement.execute(JDBC3Statement.java:43) ~[sqlite-jdbc-3.45.3.0.jar:na]
	at com.zaxxer.hikari.pool.ProxyStatement.execute(ProxyStatement.java:94) ~[HikariCP-4.0.3.jar:na]
	at com.zaxxer.hikari.pool.HikariProxyStatement.execute(HikariProxyStatement.java) ~[HikariCP-4.0.3.jar:na]
	at org.hibernate.tool.schema.internal.exec.GenerationTargetToDatabase.accept(GenerationTargetToDatabase.java:54) ~[hibernate-core-5.6.15.Final.jar:5.6.15.Final]
	... 33 common frames omitted

2026-09-21 09:39:14.885  WARN 12556 --- [           main] o.h.t.s.i.ExceptionHandlerLoggedImpl     : GenerationTarget encountered exception accepting command : Error executing DDL "alter table fornecedores add constraint FK63ficyvlnln82laj3f2kq5ow7 foreign key (atividade_id) references atividades" via JDBC Statement

org.hibernate.tool.schema.spi.CommandAcceptanceException: Error executing DDL "alter table fornecedores add constraint FK63ficyvlnln82laj3f2kq5ow7 foreign key (atividade_id) references atividades" via JDBC Statement
	at org.hibernate.tool.schema.internal.exec.GenerationTargetToDatabase.accept(GenerationTargetToDatabase.java:67) ~[hibernate-core-5.6.15.Final.jar:5.6.15.Final]
	at org.hibernate.tool.schema.internal.AbstractSchemaMigrator.applySqlString(AbstractSchemaMigrator.java:581) ~[hibernate-core-5.6.15.Final.jar:5.6.15.Final]
	at org.hibernate.tool.schema.internal.AbstractSchemaMigrator.applySqlStrings(AbstractSchemaMigrator.java:526) ~[hibernate-core-5.6.15.Final.jar:5.6.15.Final]
	at org.hibernate.tool.schema.internal.AbstractSchemaMigrator.applyForeignKeys(AbstractSchemaMigrator.java:452) ~[hibernate-core-5.6.15.Final.jar:5.6.15.Final]
	at org.hibernate.tool.schema.internal.AbstractSchemaMigrator.performMigration(AbstractSchemaMigrator.java:263) ~[hibernate-core-5.6.15.Final.jar:5.6.15.Final]
	at org.hibernate.tool.schema.internal.AbstractSchemaMigrator.doMigration(AbstractSchemaMigrator.java:123) ~[hibernate-core-5.6.15.Final.jar:5.6.15.Final]
	at org.hibernate.tool.schema.spi.SchemaManagementToolCoordinator.performDatabaseAction(SchemaManagementToolCoordinator.java:196) ~[hibernate-core-5.6.15.Final.jar:5.6.15.Final]
	at org.hibernate.tool.schema.spi.SchemaManagementToolCoordinator.process(SchemaManagementToolCoordinator.java:85) ~[hibernate-core-5.6.15.Final.jar:5.6.15.Final]
	at org.hibernate.internal.SessionFactoryImpl.<init>(SessionFactoryImpl.java:335) ~[hibernate-core-5.6.15.Final.jar:5.6.15.Final]
	at org.hibernate.boot.internal.SessionFactoryBuilderImpl.build(SessionFactoryBuilderImpl.java:471) ~[hibernate-core-5.6.15.Final.jar:5.6.15.Final]
	at org.hibernate.jpa.boot.internal.EntityManagerFactoryBuilderImpl.build(EntityManagerFactoryBuilderImpl.java:1498) ~[hibernate-core-5.6.15.Final.jar:5.6.15.Final]
	at org.springframework.orm.jpa.vendor.SpringHibernateJpaPersistenceProvider.createContainerEntityManagerFactory(SpringHibernateJpaPersistenceProvider.java:58) ~[spring-orm-5.3.29.jar:5.3.29]
	at org.springframework.orm.jpa.LocalContainerEntityManagerFactoryBean.createNativeEntityManagerFactory(LocalContainerEntityManagerFactoryBean.java:365) ~[spring-orm-5.3.29.jar:5.3.29]
	at org.springframework.orm.jpa.AbstractEntityManagerFactoryBean.buildNativeEntityManagerFactory(AbstractEntityManagerFactoryBean.java:409) ~[spring-orm-5.3.29.jar:5.3.29]
	at org.springframework.orm.jpa.AbstractEntityManagerFactoryBean.afterPropertiesSet(AbstractEntityManagerFactoryBean.java:396) ~[spring-orm-5.3.29.jar:5.3.29]
	at org.springframework.orm.jpa.LocalContainerEntityManagerFactoryBean.afterPropertiesSet(LocalContainerEntityManagerFactoryBean.java:341) ~[spring-orm-5.3.29.jar:5.3.29]
	at org.springframework.beans.factory.support.AbstractAutowireCapableBeanFactory.invokeInitMethods(AbstractAutowireCapableBeanFactory.java:1863) ~[spring-beans-5.3.29.jar:5.3.29]
	at org.springframework.beans.factory.support.AbstractAutowireCapableBeanFactory.initializeBean(AbstractAutowireCapableBeanFactory.java:1800) ~[spring-beans-5.3.29.jar:5.3.29]
	at org.springframework.beans.factory.support.AbstractAutowireCapableBeanFactory.doCreateBean(AbstractAutowireCapableBeanFactory.java:620) ~[spring-beans-5.3.29.jar:5.3.29]
	at org.springframework.beans.factory.support.AbstractAutowireCapableBeanFactory.createBean(AbstractAutowireCapableBeanFactory.java:542) ~[spring-beans-5.3.29.jar:5.3.29]
	at org.springframework.beans.factory.support.AbstractBeanFactory.lambda$doGetBean$0(AbstractBeanFactory.java:335) ~[spring-beans-5.3.29.jar:5.3.29]
	at org.springframework.beans.factory.support.DefaultSingletonBeanRegistry.getSingleton(DefaultSingletonBeanRegistry.java:234) ~[spring-beans-5.3.29.jar:5.3.29]
	at org.springframework.beans.factory.support.AbstractBeanFactory.doGetBean(AbstractBeanFactory.java:333) ~[spring-beans-5.3.29.jar:5.3.29]
	at org.springframework.beans.factory.support.AbstractBeanFactory.getBean(AbstractBeanFactory.java:208) ~[spring-beans-5.3.29.jar:5.3.29]
	at org.springframework.context.support.AbstractApplicationContext.getBean(AbstractApplicationContext.java:1157) ~[spring-context-5.3.29.jar:5.3.29]
	at org.springframework.context.support.AbstractApplicationContext.finishBeanFactoryInitialization(AbstractApplicationContext.java:911) ~[spring-context-5.3.29.jar:5.3.29]
	at org.springframework.context.support.AbstractApplicationContext.refresh(AbstractApplicationContext.java:583) ~[spring-context-5.3.29.jar:5.3.29]
	at org.springframework.boot.web.servlet.context.ServletWebServerApplicationContext.refresh(ServletWebServerApplicationContext.java:147) ~[spring-boot-2.7.14.jar:2.7.14]
	at org.springframework.boot.SpringApplication.refresh(SpringApplication.java:731) ~[spring-boot-2.7.14.jar:2.7.14]
	at org.springframework.boot.SpringApplication.refreshContext(SpringApplication.java:408) ~[spring-boot-2.7.14.jar:2.7.14]
	at org.springframework.boot.SpringApplication.run(SpringApplication.java:307) ~[spring-boot-2.7.14.jar:2.7.14]
	at org.springframework.boot.SpringApplication.run(SpringApplication.java:1303) ~[spring-boot-2.7.14.jar:2.7.14]
	at org.springframework.boot.SpringApplication.run(SpringApplication.java:1292) ~[spring-boot-2.7.14.jar:2.7.14]
	at br.com.radarfornecedor.radar.RadarApplication.main(RadarApplication.java:10) ~[classes/:na]
Caused by: org.sqlite.SQLiteException: [SQLITE_ERROR] SQL error or missing database (near "constraint": syntax error)
	at org.sqlite.core.DB.newSQLException(DB.java:1179) ~[sqlite-jdbc-3.45.3.0.jar:na]
	at org.sqlite.core.DB.newSQLException(DB.java:1190) ~[sqlite-jdbc-3.45.3.0.jar:na]
	at org.sqlite.core.DB.throwex(DB.java:1150) ~[sqlite-jdbc-3.45.3.0.jar:na]
	at org.sqlite.core.NativeDB.prepare_utf8(Native Method) ~[sqlite-jdbc-3.45.3.0.jar:na]
	at org.sqlite.core.NativeDB.prepare(NativeDB.java:132) ~[sqlite-jdbc-3.45.3.0.jar:na]
	at org.sqlite.core.DB.prepare(DB.java:264) ~[sqlite-jdbc-3.45.3.0.jar:na]
	at org.sqlite.jdbc3.JDBC3Statement.lambda$execute$0(JDBC3Statement.java:54) ~[sqlite-jdbc-3.45.3.0.jar:na]
	at org.sqlite.jdbc3.JDBC3Statement.withConnectionTimeout(JDBC3Statement.java:454) ~[sqlite-jdbc-3.45.3.0.jar:na]
	at org.sqlite.jdbc3.JDBC3Statement.execute(JDBC3Statement.java:43) ~[sqlite-jdbc-3.45.3.0.jar:na]
	at com.zaxxer.hikari.pool.ProxyStatement.execute(ProxyStatement.java:94) ~[HikariCP-4.0.3.jar:na]
	at com.zaxxer.hikari.pool.HikariProxyStatement.execute(HikariProxyStatement.java) ~[HikariCP-4.0.3.jar:na]
	at org.hibernate.tool.schema.internal.exec.GenerationTargetToDatabase.accept(GenerationTargetToDatabase.java:54) ~[hibernate-core-5.6.15.Final.jar:5.6.15.Final]
	... 33 common frames omitted

2026-09-21 09:39:14.887  WARN 12556 --- [           main] o.h.t.s.i.ExceptionHandlerLoggedImpl     : GenerationTarget encountered exception accepting command : Error executing DDL "alter table fornecedores add constraint FKqwmotxuq0e186e07wdw8soruv foreign key (categoria_id) references categorias" via JDBC Statement

org.hibernate.tool.schema.spi.CommandAcceptanceException: Error executing DDL "alter table fornecedores add constraint FKqwmotxuq0e186e07wdw8soruv foreign key (categoria_id) references categorias" via JDBC Statement
	at org.hibernate.tool.schema.internal.exec.GenerationTargetToDatabase.accept(GenerationTargetToDatabase.java:67) ~[hibernate-core-5.6.15.Final.jar:5.6.15.Final]
	at org.hibernate.tool.schema.internal.AbstractSchemaMigrator.applySqlString(AbstractSchemaMigrator.java:581) ~[hibernate-core-5.6.15.Final.jar:5.6.15.Final]
	at org.hibernate.tool.schema.internal.AbstractSchemaMigrator.applySqlStrings(AbstractSchemaMigrator.java:526) ~[hibernate-core-5.6.15.Final.jar:5.6.15.Final]
	at org.hibernate.tool.schema.internal.AbstractSchemaMigrator.applyForeignKeys(AbstractSchemaMigrator.java:452) ~[hibernate-core-5.6.15.Final.jar:5.6.15.Final]
	at org.hibernate.tool.schema.internal.AbstractSchemaMigrator.performMigration(AbstractSchemaMigrator.java:263) ~[hibernate-core-5.6.15.Final.jar:5.6.15.Final]
	at org.hibernate.tool.schema.internal.AbstractSchemaMigrator.doMigration(AbstractSchemaMigrator.java:123) ~[hibernate-core-5.6.15.Final.jar:5.6.15.Final]
	at org.hibernate.tool.schema.spi.SchemaManagementToolCoordinator.performDatabaseAction(SchemaManagementToolCoordinator.java:196) ~[hibernate-core-5.6.15.Final.jar:5.6.15.Final]
	at org.hibernate.tool.schema.spi.SchemaManagementToolCoordinator.process(SchemaManagementToolCoordinator.java:85) ~[hibernate-core-5.6.15.Final.jar:5.6.15.Final]
	at org.hibernate.internal.SessionFactoryImpl.<init>(SessionFactoryImpl.java:335) ~[hibernate-core-5.6.15.Final.jar:5.6.15.Final]
	at org.hibernate.boot.internal.SessionFactoryBuilderImpl.build(SessionFactoryBuilderImpl.java:471) ~[hibernate-core-5.6.15.Final.jar:5.6.15.Final]
	at org.hibernate.jpa.boot.internal.EntityManagerFactoryBuilderImpl.build(EntityManagerFactoryBuilderImpl.java:1498) ~[hibernate-core-5.6.15.Final.jar:5.6.15.Final]
	at org.springframework.orm.jpa.vendor.SpringHibernateJpaPersistenceProvider.createContainerEntityManagerFactory(SpringHibernateJpaPersistenceProvider.java:58) ~[spring-orm-5.3.29.jar:5.3.29]
	at org.springframework.orm.jpa.LocalContainerEntityManagerFactoryBean.createNativeEntityManagerFactory(LocalContainerEntityManagerFactoryBean.java:365) ~[spring-orm-5.3.29.jar:5.3.29]
	at org.springframework.orm.jpa.AbstractEntityManagerFactoryBean.buildNativeEntityManagerFactory(AbstractEntityManagerFactoryBean.java:409) ~[spring-orm-5.3.29.jar:5.3.29]
	at org.springframework.orm.jpa.AbstractEntityManagerFactoryBean.afterPropertiesSet(AbstractEntityManagerFactoryBean.java:396) ~[spring-orm-5.3.29.jar:5.3.29]
	at org.springframework.orm.jpa.LocalContainerEntityManagerFactoryBean.afterPropertiesSet(LocalContainerEntityManagerFactoryBean.java:341) ~[spring-orm-5.3.29.jar:5.3.29]
	at org.springframework.beans.factory.support.AbstractAutowireCapableBeanFactory.invokeInitMethods(AbstractAutowireCapableBeanFactory.java:1863) ~[spring-beans-5.3.29.jar:5.3.29]
	at org.springframework.beans.factory.support.AbstractAutowireCapableBeanFactory.initializeBean(AbstractAutowireCapableBeanFactory.java:1800) ~[spring-beans-5.3.29.jar:5.3.29]
	at org.springframework.beans.factory.support.AbstractAutowireCapableBeanFactory.doCreateBean(AbstractAutowireCapableBeanFactory.java:620) ~[spring-beans-5.3.29.jar:5.3.29]
	at org.springframework.beans.factory.support.AbstractAutowireCapableBeanFactory.createBean(AbstractAutowireCapableBeanFactory.java:542) ~[spring-beans-5.3.29.jar:5.3.29]
	at org.springframework.beans.factory.support.AbstractBeanFactory.lambda$doGetBean$0(AbstractBeanFactory.java:335) ~[spring-beans-5.3.29.jar:5.3.29]
	at org.springframework.beans.factory.support.DefaultSingletonBeanRegistry.getSingleton(DefaultSingletonBeanRegistry.java:234) ~[spring-beans-5.3.29.jar:5.3.29]
	at org.springframework.beans.factory.support.AbstractBeanFactory.doGetBean(AbstractBeanFactory.java:333) ~[spring-beans-5.3.29.jar:5.3.29]
	at org.springframework.beans.factory.support.AbstractBeanFactory.getBean(AbstractBeanFactory.java:208) ~[spring-beans-5.3.29.jar:5.3.29]
	at org.springframework.context.support.AbstractApplicationContext.getBean(AbstractApplicationContext.java:1157) ~[spring-context-5.3.29.jar:5.3.29]
	at org.springframework.context.support.AbstractApplicationContext.finishBeanFactoryInitialization(AbstractApplicationContext.java:911) ~[spring-context-5.3.29.jar:5.3.29]
	at org.springframework.context.support.AbstractApplicationContext.refresh(AbstractApplicationContext.java:583) ~[spring-context-5.3.29.jar:5.3.29]
	at org.springframework.boot.web.servlet.context.ServletWebServerApplicationContext.refresh(ServletWebServerApplicationContext.java:147) ~[spring-boot-2.7.14.jar:2.7.14]
	at org.springframework.boot.SpringApplication.refresh(SpringApplication.java:731) ~[spring-boot-2.7.14.jar:2.7.14]
	at org.springframework.boot.SpringApplication.refreshContext(SpringApplication.java:408) ~[spring-boot-2.7.14.jar:2.7.14]
	at org.springframework.boot.SpringApplication.run(SpringApplication.java:307) ~[spring-boot-2.7.14.jar:2.7.14]
	at org.springframework.boot.SpringApplication.run(SpringApplication.java:1303) ~[spring-boot-2.7.14.jar:2.7.14]
	at org.springframework.boot.SpringApplication.run(SpringApplication.java:1292) ~[spring-boot-2.7.14.jar:2.7.14]
	at br.com.radarfornecedor.radar.RadarApplication.main(RadarApplication.java:10) ~[classes/:na]
Caused by: org.sqlite.SQLiteException: [SQLITE_ERROR] SQL error or missing database (near "constraint": syntax error)
	at org.sqlite.core.DB.newSQLException(DB.java:1179) ~[sqlite-jdbc-3.45.3.0.jar:na]
	at org.sqlite.core.DB.newSQLException(DB.java:1190) ~[sqlite-jdbc-3.45.3.0.jar:na]
	at org.sqlite.core.DB.throwex(DB.java:1150) ~[sqlite-jdbc-3.45.3.0.jar:na]
	at org.sqlite.core.NativeDB.prepare_utf8(Native Method) ~[sqlite-jdbc-3.45.3.0.jar:na]
	at org.sqlite.core.NativeDB.prepare(NativeDB.java:132) ~[sqlite-jdbc-3.45.3.0.jar:na]
	at org.sqlite.core.DB.prepare(DB.java:264) ~[sqlite-jdbc-3.45.3.0.jar:na]
	at org.sqlite.jdbc3.JDBC3Statement.lambda$execute$0(JDBC3Statement.java:54) ~[sqlite-jdbc-3.45.3.0.jar:na]
	at org.sqlite.jdbc3.JDBC3Statement.withConnectionTimeout(JDBC3Statement.java:454) ~[sqlite-jdbc-3.45.3.0.jar:na]
	at org.sqlite.jdbc3.JDBC3Statement.execute(JDBC3Statement.java:43) ~[sqlite-jdbc-3.45.3.0.jar:na]
	at com.zaxxer.hikari.pool.ProxyStatement.execute(ProxyStatement.java:94) ~[HikariCP-4.0.3.jar:na]
	at com.zaxxer.hikari.pool.HikariProxyStatement.execute(HikariProxyStatement.java) ~[HikariCP-4.0.3.jar:na]
	at org.hibernate.tool.schema.internal.exec.GenerationTargetToDatabase.accept(GenerationTargetToDatabase.java:54) ~[hibernate-core-5.6.15.Final.jar:5.6.15.Final]
	... 33 common frames omitted

2026-09-21 09:39:14.890  WARN 12556 --- [           main] o.h.t.s.i.ExceptionHandlerLoggedImpl     : GenerationTarget encountered exception accepting command : Error executing DDL "alter table representantes add constraint FK4pw92wmnqa5oirbsquc3wsvim foreign key (atividade_id) references atividades" via JDBC Statement

org.hibernate.tool.schema.spi.CommandAcceptanceException: Error executing DDL "alter table representantes add constraint FK4pw92wmnqa5oirbsquc3wsvim foreign key (atividade_id) references atividades" via JDBC Statement
	at org.hibernate.tool.schema.internal.exec.GenerationTargetToDatabase.accept(GenerationTargetToDatabase.java:67) ~[hibernate-core-5.6.15.Final.jar:5.6.15.Final]
	at org.hibernate.tool.schema.internal.AbstractSchemaMigrator.applySqlString(AbstractSchemaMigrator.java:581) ~[hibernate-core-5.6.15.Final.jar:5.6.15.Final]
	at org.hibernate.tool.schema.internal.AbstractSchemaMigrator.applySqlStrings(AbstractSchemaMigrator.java:526) ~[hibernate-core-5.6.15.Final.jar:5.6.15.Final]
	at org.hibernate.tool.schema.internal.AbstractSchemaMigrator.applyForeignKeys(AbstractSchemaMigrator.java:452) ~[hibernate-core-5.6.15.Final.jar:5.6.15.Final]
	at org.hibernate.tool.schema.internal.AbstractSchemaMigrator.performMigration(AbstractSchemaMigrator.java:263) ~[hibernate-core-5.6.15.Final.jar:5.6.15.Final]
	at org.hibernate.tool.schema.internal.AbstractSchemaMigrator.doMigration(AbstractSchemaMigrator.java:123) ~[hibernate-core-5.6.15.Final.jar:5.6.15.Final]
	at org.hibernate.tool.schema.spi.SchemaManagementToolCoordinator.performDatabaseAction(SchemaManagementToolCoordinator.java:196) ~[hibernate-core-5.6.15.Final.jar:5.6.15.Final]
	at org.hibernate.tool.schema.spi.SchemaManagementToolCoordinator.process(SchemaManagementToolCoordinator.java:85) ~[hibernate-core-5.6.15.Final.jar:5.6.15.Final]
	at org.hibernate.internal.SessionFactoryImpl.<init>(SessionFactoryImpl.java:335) ~[hibernate-core-5.6.15.Final.jar:5.6.15.Final]
	at org.hibernate.boot.internal.SessionFactoryBuilderImpl.build(SessionFactoryBuilderImpl.java:471) ~[hibernate-core-5.6.15.Final.jar:5.6.15.Final]
	at org.hibernate.jpa.boot.internal.EntityManagerFactoryBuilderImpl.build(EntityManagerFactoryBuilderImpl.java:1498) ~[hibernate-core-5.6.15.Final.jar:5.6.15.Final]
	at org.springframework.orm.jpa.vendor.SpringHibernateJpaPersistenceProvider.createContainerEntityManagerFactory(SpringHibernateJpaPersistenceProvider.java:58) ~[spring-orm-5.3.29.jar:5.3.29]
	at org.springframework.orm.jpa.LocalContainerEntityManagerFactoryBean.createNativeEntityManagerFactory(LocalContainerEntityManagerFactoryBean.java:365) ~[spring-orm-5.3.29.jar:5.3.29]
	at org.springframework.orm.jpa.AbstractEntityManagerFactoryBean.buildNativeEntityManagerFactory(AbstractEntityManagerFactoryBean.java:409) ~[spring-orm-5.3.29.jar:5.3.29]
	at org.springframework.orm.jpa.AbstractEntityManagerFactoryBean.afterPropertiesSet(AbstractEntityManagerFactoryBean.java:396) ~[spring-orm-5.3.29.jar:5.3.29]
	at org.springframework.orm.jpa.LocalContainerEntityManagerFactoryBean.afterPropertiesSet(LocalContainerEntityManagerFactoryBean.java:341) ~[spring-orm-5.3.29.jar:5.3.29]
	at org.springframework.beans.factory.support.AbstractAutowireCapableBeanFactory.invokeInitMethods(AbstractAutowireCapableBeanFactory.java:1863) ~[spring-beans-5.3.29.jar:5.3.29]
	at org.springframework.beans.factory.support.AbstractAutowireCapableBeanFactory.initializeBean(AbstractAutowireCapableBeanFactory.java:1800) ~[spring-beans-5.3.29.jar:5.3.29]
	at org.springframework.beans.factory.support.AbstractAutowireCapableBeanFactory.doCreateBean(AbstractAutowireCapableBeanFactory.java:620) ~[spring-beans-5.3.29.jar:5.3.29]
	at org.springframework.beans.factory.support.AbstractAutowireCapableBeanFactory.createBean(AbstractAutowireCapableBeanFactory.java:542) ~[spring-beans-5.3.29.jar:5.3.29]
	at org.springframework.beans.factory.support.AbstractBeanFactory.lambda$doGetBean$0(AbstractBeanFactory.java:335) ~[spring-beans-5.3.29.jar:5.3.29]
	at org.springframework.beans.factory.support.DefaultSingletonBeanRegistry.getSingleton(DefaultSingletonBeanRegistry.java:234) ~[spring-beans-5.3.29.jar:5.3.29]
	at org.springframework.beans.factory.support.AbstractBeanFactory.doGetBean(AbstractBeanFactory.java:333) ~[spring-beans-5.3.29.jar:5.3.29]
	at org.springframework.beans.factory.support.AbstractBeanFactory.getBean(AbstractBeanFactory.java:208) ~[spring-beans-5.3.29.jar:5.3.29]
	at org.springframework.context.support.AbstractApplicationContext.getBean(AbstractApplicationContext.java:1157) ~[spring-context-5.3.29.jar:5.3.29]
	at org.springframework.context.support.AbstractApplicationContext.finishBeanFactoryInitialization(AbstractApplicationContext.java:911) ~[spring-context-5.3.29.jar:5.3.29]
	at org.springframework.context.support.AbstractApplicationContext.refresh(AbstractApplicationContext.java:583) ~[spring-context-5.3.29.jar:5.3.29]
	at org.springframework.boot.web.servlet.context.ServletWebServerApplicationContext.refresh(ServletWebServerApplicationContext.java:147) ~[spring-boot-2.7.14.jar:2.7.14]
	at org.springframework.boot.SpringApplication.refresh(SpringApplication.java:731) ~[spring-boot-2.7.14.jar:2.7.14]
	at org.springframework.boot.SpringApplication.refreshContext(SpringApplication.java:408) ~[spring-boot-2.7.14.jar:2.7.14]
	at org.springframework.boot.SpringApplication.run(SpringApplication.java:307) ~[spring-boot-2.7.14.jar:2.7.14]
	at org.springframework.boot.SpringApplication.run(SpringApplication.java:1303) ~[spring-boot-2.7.14.jar:2.7.14]
	at org.springframework.boot.SpringApplication.run(SpringApplication.java:1292) ~[spring-boot-2.7.14.jar:2.7.14]
	at br.com.radarfornecedor.radar.RadarApplication.main(RadarApplication.java:10) ~[classes/:na]
Caused by: org.sqlite.SQLiteException: [SQLITE_ERROR] SQL error or missing database (near "constraint": syntax error)
	at org.sqlite.core.DB.newSQLException(DB.java:1179) ~[sqlite-jdbc-3.45.3.0.jar:na]
	at org.sqlite.core.DB.newSQLException(DB.java:1190) ~[sqlite-jdbc-3.45.3.0.jar:na]
	at org.sqlite.core.DB.throwex(DB.java:1150) ~[sqlite-jdbc-3.45.3.0.jar:na]
	at org.sqlite.core.NativeDB.prepare_utf8(Native Method) ~[sqlite-jdbc-3.45.3.0.jar:na]
	at org.sqlite.core.NativeDB.prepare(NativeDB.java:132) ~[sqlite-jdbc-3.45.3.0.jar:na]
	at org.sqlite.core.DB.prepare(DB.java:264) ~[sqlite-jdbc-3.45.3.0.jar:na]
	at org.sqlite.jdbc3.JDBC3Statement.lambda$execute$0(JDBC3Statement.java:54) ~[sqlite-jdbc-3.45.3.0.jar:na]
	at org.sqlite.jdbc3.JDBC3Statement.withConnectionTimeout(JDBC3Statement.java:454) ~[sqlite-jdbc-3.45.3.0.jar:na]
	at org.sqlite.jdbc3.JDBC3Statement.execute(JDBC3Statement.java:43) ~[sqlite-jdbc-3.45.3.0.jar:na]
	at com.zaxxer.hikari.pool.ProxyStatement.execute(ProxyStatement.java:94) ~[HikariCP-4.0.3.jar:na]
	at com.zaxxer.hikari.pool.HikariProxyStatement.execute(HikariProxyStatement.java) ~[HikariCP-4.0.3.jar:na]
	at org.hibernate.tool.schema.internal.exec.GenerationTargetToDatabase.accept(GenerationTargetToDatabase.java:54) ~[hibernate-core-5.6.15.Final.jar:5.6.15.Final]
	... 33 common frames omitted

2026-09-21 09:39:14.892  WARN 12556 --- [           main] o.h.t.s.i.ExceptionHandlerLoggedImpl     : GenerationTarget encountered exception accepting command : Error executing DDL "alter table representantes add constraint FKd0qvsb7cjvf4m89sw07wt3psb foreign key (categoria_id) references categorias" via JDBC Statement

org.hibernate.tool.schema.spi.CommandAcceptanceException: Error executing DDL "alter table representantes add constraint FKd0qvsb7cjvf4m89sw07wt3psb foreign key (categoria_id) references categorias" via JDBC Statement
	at org.hibernate.tool.schema.internal.exec.GenerationTargetToDatabase.accept(GenerationTargetToDatabase.java:67) ~[hibernate-core-5.6.15.Final.jar:5.6.15.Final]
	at org.hibernate.tool.schema.internal.AbstractSchemaMigrator.applySqlString(AbstractSchemaMigrator.java:581) ~[hibernate-core-5.6.15.Final.jar:5.6.15.Final]
	at org.hibernate.tool.schema.internal.AbstractSchemaMigrator.applySqlStrings(AbstractSchemaMigrator.java:526) ~[hibernate-core-5.6.15.Final.jar:5.6.15.Final]
	at org.hibernate.tool.schema.internal.AbstractSchemaMigrator.applyForeignKeys(AbstractSchemaMigrator.java:452) ~[hibernate-core-5.6.15.Final.jar:5.6.15.Final]
	at org.hibernate.tool.schema.internal.AbstractSchemaMigrator.performMigration(AbstractSchemaMigrator.java:263) ~[hibernate-core-5.6.15.Final.jar:5.6.15.Final]
	at org.hibernate.tool.schema.internal.AbstractSchemaMigrator.doMigration(AbstractSchemaMigrator.java:123) ~[hibernate-core-5.6.15.Final.jar:5.6.15.Final]
	at org.hibernate.tool.schema.spi.SchemaManagementToolCoordinator.performDatabaseAction(SchemaManagementToolCoordinator.java:196) ~[hibernate-core-5.6.15.Final.jar:5.6.15.Final]
	at org.hibernate.tool.schema.spi.SchemaManagementToolCoordinator.process(SchemaManagementToolCoordinator.java:85) ~[hibernate-core-5.6.15.Final.jar:5.6.15.Final]
	at org.hibernate.internal.SessionFactoryImpl.<init>(SessionFactoryImpl.java:335) ~[hibernate-core-5.6.15.Final.jar:5.6.15.Final]
	at org.hibernate.boot.internal.SessionFactoryBuilderImpl.build(SessionFactoryBuilderImpl.java:471) ~[hibernate-core-5.6.15.Final.jar:5.6.15.Final]
	at org.hibernate.jpa.boot.internal.EntityManagerFactoryBuilderImpl.build(EntityManagerFactoryBuilderImpl.java:1498) ~[hibernate-core-5.6.15.Final.jar:5.6.15.Final]
	at org.springframework.orm.jpa.vendor.SpringHibernateJpaPersistenceProvider.createContainerEntityManagerFactory(SpringHibernateJpaPersistenceProvider.java:58) ~[spring-orm-5.3.29.jar:5.3.29]
	at org.springframework.orm.jpa.LocalContainerEntityManagerFactoryBean.createNativeEntityManagerFactory(LocalContainerEntityManagerFactoryBean.java:365) ~[spring-orm-5.3.29.jar:5.3.29]
	at org.springframework.orm.jpa.AbstractEntityManagerFactoryBean.buildNativeEntityManagerFactory(AbstractEntityManagerFactoryBean.java:409) ~[spring-orm-5.3.29.jar:5.3.29]
	at org.springframework.orm.jpa.AbstractEntityManagerFactoryBean.afterPropertiesSet(AbstractEntityManagerFactoryBean.java:396) ~[spring-orm-5.3.29.jar:5.3.29]
	at org.springframework.orm.jpa.LocalContainerEntityManagerFactoryBean.afterPropertiesSet(LocalContainerEntityManagerFactoryBean.java:341) ~[spring-orm-5.3.29.jar:5.3.29]
	at org.springframework.beans.factory.support.AbstractAutowireCapableBeanFactory.invokeInitMethods(AbstractAutowireCapableBeanFactory.java:1863) ~[spring-beans-5.3.29.jar:5.3.29]
	at org.springframework.beans.factory.support.AbstractAutowireCapableBeanFactory.initializeBean(AbstractAutowireCapableBeanFactory.java:1800) ~[spring-beans-5.3.29.jar:5.3.29]
	at org.springframework.beans.factory.support.AbstractAutowireCapableBeanFactory.doCreateBean(AbstractAutowireCapableBeanFactory.java:620) ~[spring-beans-5.3.29.jar:5.3.29]
	at org.springframework.beans.factory.support.AbstractAutowireCapableBeanFactory.createBean(AbstractAutowireCapableBeanFactory.java:542) ~[spring-beans-5.3.29.jar:5.3.29]
	at org.springframework.beans.factory.support.AbstractBeanFactory.lambda$doGetBean$0(AbstractBeanFactory.java:335) ~[spring-beans-5.3.29.jar:5.3.29]
	at org.springframework.beans.factory.support.DefaultSingletonBeanRegistry.getSingleton(DefaultSingletonBeanRegistry.java:234) ~[spring-beans-5.3.29.jar:5.3.29]
	at org.springframework.beans.factory.support.AbstractBeanFactory.doGetBean(AbstractBeanFactory.java:333) ~[spring-beans-5.3.29.jar:5.3.29]
	at org.springframework.beans.factory.support.AbstractBeanFactory.getBean(AbstractBeanFactory.java:208) ~[spring-beans-5.3.29.jar:5.3.29]
	at org.springframework.context.support.AbstractApplicationContext.getBean(AbstractApplicationContext.java:1157) ~[spring-context-5.3.29.jar:5.3.29]
	at org.springframework.context.support.AbstractApplicationContext.finishBeanFactoryInitialization(AbstractApplicationContext.java:911) ~[spring-context-5.3.29.jar:5.3.29]
	at org.springframework.context.support.AbstractApplicationContext.refresh(AbstractApplicationContext.java:583) ~[spring-context-5.3.29.jar:5.3.29]
	at org.springframework.boot.web.servlet.context.ServletWebServerApplicationContext.refresh(ServletWebServerApplicationContext.java:147) ~[spring-boot-2.7.14.jar:2.7.14]
	at org.springframework.boot.SpringApplication.refresh(SpringApplication.java:731) ~[spring-boot-2.7.14.jar:2.7.14]
	at org.springframework.boot.SpringApplication.refreshContext(SpringApplication.java:408) ~[spring-boot-2.7.14.jar:2.7.14]
	at org.springframework.boot.SpringApplication.run(SpringApplication.java:307) ~[spring-boot-2.7.14.jar:2.7.14]
	at org.springframework.boot.SpringApplication.run(SpringApplication.java:1303) ~[spring-boot-2.7.14.jar:2.7.14]
	at org.springframework.boot.SpringApplication.run(SpringApplication.java:1292) ~[spring-boot-2.7.14.jar:2.7.14]
	at br.com.radarfornecedor.radar.RadarApplication.main(RadarApplication.java:10) ~[classes/:na]
Caused by: org.sqlite.SQLiteException: [SQLITE_ERROR] SQL error or missing database (near "constraint": syntax error)
	at org.sqlite.core.DB.newSQLException(DB.java:1179) ~[sqlite-jdbc-3.45.3.0.jar:na]
	at org.sqlite.core.DB.newSQLException(DB.java:1190) ~[sqlite-jdbc-3.45.3.0.jar:na]
	at org.sqlite.core.DB.throwex(DB.java:1150) ~[sqlite-jdbc-3.45.3.0.jar:na]
	at org.sqlite.core.NativeDB.prepare_utf8(Native Method) ~[sqlite-jdbc-3.45.3.0.jar:na]
	at org.sqlite.core.NativeDB.prepare(NativeDB.java:132) ~[sqlite-jdbc-3.45.3.0.jar:na]
	at org.sqlite.core.DB.prepare(DB.java:264) ~[sqlite-jdbc-3.45.3.0.jar:na]
	at org.sqlite.jdbc3.JDBC3Statement.lambda$execute$0(JDBC3Statement.java:54) ~[sqlite-jdbc-3.45.3.0.jar:na]
	at org.sqlite.jdbc3.JDBC3Statement.withConnectionTimeout(JDBC3Statement.java:454) ~[sqlite-jdbc-3.45.3.0.jar:na]
	at org.sqlite.jdbc3.JDBC3Statement.execute(JDBC3Statement.java:43) ~[sqlite-jdbc-3.45.3.0.jar:na]
	at com.zaxxer.hikari.pool.ProxyStatement.execute(ProxyStatement.java:94) ~[HikariCP-4.0.3.jar:na]
	at com.zaxxer.hikari.pool.HikariProxyStatement.execute(HikariProxyStatement.java) ~[HikariCP-4.0.3.jar:na]
	at org.hibernate.tool.schema.internal.exec.GenerationTargetToDatabase.accept(GenerationTargetToDatabase.java:54) ~[hibernate-core-5.6.15.Final.jar:5.6.15.Final]
	... 33 common frames omitted

2026-09-21 09:39:14.892  INFO 12556 --- [           main] o.h.e.t.j.p.i.JtaPlatformInitiator       : HHH000490: Using JtaPlatform implementation: [org.hibernate.engine.transaction.jta.platform.internal.NoJtaPlatform]
2026-09-21 09:39:14.918  INFO 12556 --- [           main] j.LocalContainerEntityManagerFactoryBean : Initialized JPA EntityManagerFactory for persistence unit 'default'
2026-09-21 09:39:16.588  WARN 12556 --- [           main] JpaBaseConfiguration$JpaWebConfiguration : spring.jpa.open-in-view is enabled by default. Therefore, database queries may be performed during view rendering. Explicitly configure spring.jpa.open-in-view to disable this warning
2026-09-21 09:39:17.425  INFO 12556 --- [           main] o.s.b.w.embedded.tomcat.TomcatWebServer  : Tomcat started on port(s): 8080 (http) with context path ''
2026-09-21 09:39:17.448  INFO 12556 --- [           main] b.c.r.radar.RadarApplication             : Started RadarApplication in 11.129 seconds (JVM running for 11.828)
2026-09-21 09:39:17.647  INFO 12556 --- [nio-8080-exec-1] o.a.c.c.C.[Tomcat].[localhost].[/]       : Initializing Spring DispatcherServlet 'dispatcherServlet'
2026-09-21 09:39:17.648  INFO 12556 --- [nio-8080-exec-1] o.s.web.servlet.DispatcherServlet        : Initializing Servlet 'dispatcherServlet'
2026-09-21 09:39:17.653  INFO 12556 --- [nio-8080-exec-1] o.s.web.servlet.DispatcherServlet        : Completed initialization in 4 ms
2026-09-21 09:39:24.514  WARN 12556 --- [nio-8080-exec-6] o.a.c.util.SessionIdGeneratorBase        : Creation of SecureRandom instance for session ID generation using [SHA1PRNG] took [818] milliseconds.
2026-09-21 09:39:28.664  WARN 12556 --- [nio-8080-exec-2] o.h.engine.jdbc.spi.SqlExceptionHelper   : SQL Error: 1, SQLState: null
2026-09-21 09:39:28.664  WARN 12556 --- [io-8080-exec-10] o.h.engine.jdbc.spi.SqlExceptionHelper   : SQL Error: 1, SQLState: null
2026-09-21 09:39:28.665 ERROR 12556 --- [io-8080-exec-10] o.h.engine.jdbc.spi.SqlExceptionHelper   : [SQLITE_ERROR] SQL error or missing database (no such column: categoria0_.atualizada_em)
2026-09-21 09:39:28.665 ERROR 12556 --- [nio-8080-exec-2] o.h.engine.jdbc.spi.SqlExceptionHelper   : [SQLITE_ERROR] SQL error or missing database (no such column: atividade0_.atualizada_em)
2026-09-21 09:39:28.712 ERROR 12556 --- [io-8080-exec-10] o.a.c.c.C.[.[.[/].[dispatcherServlet]    : Servlet.service() for servlet [dispatcherServlet] in context with path [] threw exception [Request processing failed; nested exception is org.springframework.orm.jpa.JpaSystemException: could not prepare statement; nested exception is org.hibernate.exception.GenericJDBCException: could not prepare statement] with root cause

org.sqlite.SQLiteException: [SQLITE_ERROR] SQL error or missing database (no such column: categoria0_.atualizada_em)
	at org.sqlite.core.DB.newSQLException(DB.java:1179) ~[sqlite-jdbc-3.45.3.0.jar:na]
	at org.sqlite.core.DB.newSQLException(DB.java:1190) ~[sqlite-jdbc-3.45.3.0.jar:na]
	at org.sqlite.core.DB.throwex(DB.java:1150) ~[sqlite-jdbc-3.45.3.0.jar:na]
	at org.sqlite.core.NativeDB.prepare_utf8(Native Method) ~[sqlite-jdbc-3.45.3.0.jar:na]
	at org.sqlite.core.NativeDB.prepare(NativeDB.java:132) ~[sqlite-jdbc-3.45.3.0.jar:na]
	at org.sqlite.core.DB.prepare(DB.java:264) ~[sqlite-jdbc-3.45.3.0.jar:na]
	at org.sqlite.core.CorePreparedStatement.<init>(CorePreparedStatement.java:46) ~[sqlite-jdbc-3.45.3.0.jar:na]
	at org.sqlite.jdbc3.JDBC3PreparedStatement.<init>(JDBC3PreparedStatement.java:32) ~[sqlite-jdbc-3.45.3.0.jar:na]
	at org.sqlite.jdbc4.JDBC4PreparedStatement.<init>(JDBC4PreparedStatement.java:25) ~[sqlite-jdbc-3.45.3.0.jar:na]
	at org.sqlite.jdbc4.JDBC4Connection.prepareStatement(JDBC4Connection.java:34) ~[sqlite-jdbc-3.45.3.0.jar:na]
	at org.sqlite.jdbc3.JDBC3Connection.prepareStatement(JDBC3Connection.java:225) ~[sqlite-jdbc-3.45.3.0.jar:na]
	at org.sqlite.jdbc3.JDBC3Connection.prepareStatement(JDBC3Connection.java:205) ~[sqlite-jdbc-3.45.3.0.jar:na]
	at com.zaxxer.hikari.pool.ProxyConnection.prepareStatement(ProxyConnection.java:337) ~[HikariCP-4.0.3.jar:na]
	at com.zaxxer.hikari.pool.HikariProxyConnection.prepareStatement(HikariProxyConnection.java) ~[HikariCP-4.0.3.jar:na]
	at org.hibernate.engine.jdbc.internal.StatementPreparerImpl$5.doPrepare(StatementPreparerImpl.java:149) ~[hibernate-core-5.6.15.Final.jar:5.6.15.Final]
	at org.hibernate.engine.jdbc.internal.StatementPreparerImpl$StatementPreparationTemplate.prepareStatement(StatementPreparerImpl.java:176) ~[hibernate-core-5.6.15.Final.jar:5.6.15.Final]
	at org.hibernate.engine.jdbc.internal.StatementPreparerImpl.prepareQueryStatement(StatementPreparerImpl.java:151) ~[hibernate-core-5.6.15.Final.jar:5.6.15.Final]
	at org.hibernate.loader.Loader.prepareQueryStatement(Loader.java:2122) ~[hibernate-core-5.6.15.Final.jar:5.6.15.Final]
	at org.hibernate.loader.Loader.executeQueryStatement(Loader.java:2059) ~[hibernate-core-5.6.15.Final.jar:5.6.15.Final]
	at org.hibernate.loader.Loader.executeQueryStatement(Loader.java:2037) ~[hibernate-core-5.6.15.Final.jar:5.6.15.Final]
	at org.hibernate.loader.Loader.doQuery(Loader.java:956) ~[hibernate-core-5.6.15.Final.jar:5.6.15.Final]
	at org.hibernate.loader.Loader.doQueryAndInitializeNonLazyCollections(Loader.java:357) ~[hibernate-core-5.6.15.Final.jar:5.6.15.Final]
	at org.hibernate.loader.Loader.doList(Loader.java:2868) ~[hibernate-core-5.6.15.Final.jar:5.6.15.Final]
	at org.hibernate.loader.Loader.doList(Loader.java:2850) ~[hibernate-core-5.6.15.Final.jar:5.6.15.Final]
	at org.hibernate.loader.Loader.listIgnoreQueryCache(Loader.java:2682) ~[hibernate-core-5.6.15.Final.jar:5.6.15.Final]
	at org.hibernate.loader.Loader.list(Loader.java:2677) ~[hibernate-core-5.6.15.Final.jar:5.6.15.Final]
	at org.hibernate.loader.hql.QueryLoader.list(QueryLoader.java:540) ~[hibernate-core-5.6.15.Final.jar:5.6.15.Final]
	at org.hibernate.hql.internal.ast.QueryTranslatorImpl.list(QueryTranslatorImpl.java:400) ~[hibernate-core-5.6.15.Final.jar:5.6.15.Final]
	at org.hibernate.engine.query.spi.HQLQueryPlan.performList(HQLQueryPlan.java:218) ~[hibernate-core-5.6.15.Final.jar:5.6.15.Final]
	at org.hibernate.internal.SessionImpl.list(SessionImpl.java:1459) ~[hibernate-core-5.6.15.Final.jar:5.6.15.Final]
	at org.hibernate.query.internal.AbstractProducedQuery.doList(AbstractProducedQuery.java:1649) ~[hibernate-core-5.6.15.Final.jar:5.6.15.Final]
	at org.hibernate.query.internal.AbstractProducedQuery.list(AbstractProducedQuery.java:1617) ~[hibernate-core-5.6.15.Final.jar:5.6.15.Final]
	at org.hibernate.query.Query.getResultList(Query.java:165) ~[hibernate-core-5.6.15.Final.jar:5.6.15.Final]
	at org.hibernate.query.criteria.internal.compile.CriteriaQueryTypeQueryAdapter.getResultList(CriteriaQueryTypeQueryAdapter.java:76) ~[hibernate-core-5.6.15.Final.jar:5.6.15.Final]
	at org.springframework.data.jpa.repository.query.JpaQueryExecution$CollectionExecution.doExecute(JpaQueryExecution.java:128) ~[spring-data-jpa-2.7.14.jar:2.7.14]
	at org.springframework.data.jpa.repository.query.JpaQueryExecution.execute(JpaQueryExecution.java:90) ~[spring-data-jpa-2.7.14.jar:2.7.14]
	at org.springframework.data.jpa.repository.query.AbstractJpaQuery.doExecute(AbstractJpaQuery.java:156) ~[spring-data-jpa-2.7.14.jar:2.7.14]
	at org.springframework.data.jpa.repository.query.AbstractJpaQuery.execute(AbstractJpaQuery.java:144) ~[spring-data-jpa-2.7.14.jar:2.7.14]
	at org.springframework.data.repository.core.support.RepositoryMethodInvoker.doInvoke(RepositoryMethodInvoker.java:137) ~[spring-data-commons-2.7.14.jar:2.7.14]
	at org.springframework.data.repository.core.support.RepositoryMethodInvoker.invoke(RepositoryMethodInvoker.java:121) ~[spring-data-commons-2.7.14.jar:2.7.14]
	at org.springframework.data.repository.core.support.QueryExecutorMethodInterceptor.doInvoke(QueryExecutorMethodInterceptor.java:160) ~[spring-data-commons-2.7.14.jar:2.7.14]
	at org.springframework.data.repository.core.support.QueryExecutorMethodInterceptor.invoke(QueryExecutorMethodInterceptor.java:139) ~[spring-data-commons-2.7.14.jar:2.7.14]
	at org.springframework.aop.framework.ReflectiveMethodInvocation.proceed(ReflectiveMethodInvocation.java:186) ~[spring-aop-5.3.29.jar:5.3.29]
	at org.springframework.data.projection.DefaultMethodInvokingMethodInterceptor.invoke(DefaultMethodInvokingMethodInterceptor.java:76) ~[spring-data-commons-2.7.14.jar:2.7.14]
	at org.springframework.aop.framework.ReflectiveMethodInvocation.proceed(ReflectiveMethodInvocation.java:186) ~[spring-aop-5.3.29.jar:5.3.29]
	at org.springframework.transaction.interceptor.TransactionInterceptor$1.proceedWithInvocation(TransactionInterceptor.java:123) ~[spring-tx-5.3.29.jar:5.3.29]
	at org.springframework.transaction.interceptor.TransactionAspectSupport.invokeWithinTransaction(TransactionAspectSupport.java:388) ~[spring-tx-5.3.29.jar:5.3.29]
	at org.springframework.transaction.interceptor.TransactionInterceptor.invoke(TransactionInterceptor.java:119) ~[spring-tx-5.3.29.jar:5.3.29]
	at org.springframework.aop.framework.ReflectiveMethodInvocation.proceed(ReflectiveMethodInvocation.java:186) ~[spring-aop-5.3.29.jar:5.3.29]
	at org.springframework.dao.support.PersistenceExceptionTranslationInterceptor.invoke(PersistenceExceptionTranslationInterceptor.java:137) ~[spring-tx-5.3.29.jar:5.3.29]
	at org.springframework.aop.framework.ReflectiveMethodInvocation.proceed(ReflectiveMethodInvocation.java:186) ~[spring-aop-5.3.29.jar:5.3.29]
	at org.springframework.data.jpa.repository.support.CrudMethodMetadataPostProcessor$CrudMethodMetadataPopulatingMethodInterceptor.invoke(CrudMethodMetadataPostProcessor.java:145) ~[spring-data-jpa-2.7.14.jar:2.7.14]
	at org.springframework.aop.framework.ReflectiveMethodInvocation.proceed(ReflectiveMethodInvocation.java:186) ~[spring-aop-5.3.29.jar:5.3.29]
	at org.springframework.aop.interceptor.ExposeInvocationInterceptor.invoke(ExposeInvocationInterceptor.java:97) ~[spring-aop-5.3.29.jar:5.3.29]
	at org.springframework.aop.framework.ReflectiveMethodInvocation.proceed(ReflectiveMethodInvocation.java:186) ~[spring-aop-5.3.29.jar:5.3.29]
	at org.springframework.aop.framework.JdkDynamicAopProxy.invoke(JdkDynamicAopProxy.java:241) ~[spring-aop-5.3.29.jar:5.3.29]
	at com.sun.proxy.$Proxy121.findByAtivaTrue(Unknown Source) ~[na:na]
	at br.com.radarfornecedor.radar.service.CategoriaService.listarAtivas(CategoriaService.java:26) ~[classes/:na]
	at br.com.radarfornecedor.radar.controller.CategoriaController.listarAtivas(CategoriaController.java:33) ~[classes/:na]
	at java.base/jdk.internal.reflect.NativeMethodAccessorImpl.invoke0(Native Method) ~[na:na]
	at java.base/jdk.internal.reflect.NativeMethodAccessorImpl.invoke(NativeMethodAccessorImpl.java:62) ~[na:na]
	at java.base/jdk.internal.reflect.DelegatingMethodAccessorImpl.invoke(DelegatingMethodAccessorImpl.java:43) ~[na:na]
	at java.base/java.lang.reflect.Method.invoke(Method.java:566) ~[na:na]
	at org.springframework.web.method.support.InvocableHandlerMethod.doInvoke(InvocableHandlerMethod.java:205) ~[spring-web-5.3.29.jar:5.3.29]
	at org.springframework.web.method.support.InvocableHandlerMethod.invokeForRequest(InvocableHandlerMethod.java:150) ~[spring-web-5.3.29.jar:5.3.29]
	at org.springframework.web.servlet.mvc.method.annotation.ServletInvocableHandlerMethod.invokeAndHandle(ServletInvocableHandlerMethod.java:117) ~[spring-webmvc-5.3.29.jar:5.3.29]
	at org.springframework.web.servlet.mvc.method.annotation.RequestMappingHandlerAdapter.invokeHandlerMethod(RequestMappingHandlerAdapter.java:895) ~[spring-webmvc-5.3.29.jar:5.3.29]
	at org.springframework.web.servlet.mvc.method.annotation.RequestMappingHandlerAdapter.handleInternal(RequestMappingHandlerAdapter.java:808) ~[spring-webmvc-5.3.29.jar:5.3.29]
	at org.springframework.web.servlet.mvc.method.AbstractHandlerMethodAdapter.handle(AbstractHandlerMethodAdapter.java:87) ~[spring-webmvc-5.3.29.jar:5.3.29]
	at org.springframework.web.servlet.DispatcherServlet.doDispatch(DispatcherServlet.java:1072) ~[spring-webmvc-5.3.29.jar:5.3.29]
	at org.springframework.web.servlet.DispatcherServlet.doService(DispatcherServlet.java:965) ~[spring-webmvc-5.3.29.jar:5.3.29]
	at org.springframework.web.servlet.FrameworkServlet.processRequest(FrameworkServlet.java:1006) ~[spring-webmvc-5.3.29.jar:5.3.29]
	at org.springframework.web.servlet.FrameworkServlet.doGet(FrameworkServlet.java:898) ~[spring-webmvc-5.3.29.jar:5.3.29]
	at javax.servlet.http.HttpServlet.service(HttpServlet.java:529) ~[tomcat-embed-core-9.0.78.jar:4.0.FR]
	at org.springframework.web.servlet.FrameworkServlet.service(FrameworkServlet.java:883) ~[spring-webmvc-5.3.29.jar:5.3.29]
	at javax.servlet.http.HttpServlet.service(HttpServlet.java:623) ~[tomcat-embed-core-9.0.78.jar:4.0.FR]
	at org.apache.catalina.core.ApplicationFilterChain.internalDoFilter(ApplicationFilterChain.java:209) ~[tomcat-embed-core-9.0.78.jar:9.0.78]
	at org.apache.catalina.core.ApplicationFilterChain.doFilter(ApplicationFilterChain.java:153) ~[tomcat-embed-core-9.0.78.jar:9.0.78]
	at org.apache.tomcat.websocket.server.WsFilter.doFilter(WsFilter.java:51) ~[tomcat-embed-websocket-9.0.78.jar:9.0.78]
	at org.apache.catalina.core.ApplicationFilterChain.internalDoFilter(ApplicationFilterChain.java:178) ~[tomcat-embed-core-9.0.78.jar:9.0.78]
	at org.apache.catalina.core.ApplicationFilterChain.doFilter(ApplicationFilterChain.java:153) ~[tomcat-embed-core-9.0.78.jar:9.0.78]
	at br.com.radarfornecedor.radar.config.SessionFilter.doFilter(SessionFilter.java:59) ~[classes/:na]
	at org.apache.catalina.core.ApplicationFilterChain.internalDoFilter(ApplicationFilterChain.java:178) ~[tomcat-embed-core-9.0.78.jar:9.0.78]
	at org.apache.catalina.core.ApplicationFilterChain.doFilter(ApplicationFilterChain.java:153) ~[tomcat-embed-core-9.0.78.jar:9.0.78]
	at org.springframework.web.filter.RequestContextFilter.doFilterInternal(RequestContextFilter.java:100) ~[spring-web-5.3.29.jar:5.3.29]
	at org.springframework.web.filter.OncePerRequestFilter.doFilter(OncePerRequestFilter.java:117) ~[spring-web-5.3.29.jar:5.3.29]
	at org.apache.catalina.core.ApplicationFilterChain.internalDoFilter(ApplicationFilterChain.java:178) ~[tomcat-embed-core-9.0.78.jar:9.0.78]
	at org.apache.catalina.core.ApplicationFilterChain.doFilter(ApplicationFilterChain.java:153) ~[tomcat-embed-core-9.0.78.jar:9.0.78]
	at org.springframework.web.filter.FormContentFilter.doFilterInternal(FormContentFilter.java:93) ~[spring-web-5.3.29.jar:5.3.29]
	at org.springframework.web.filter.OncePerRequestFilter.doFilter(OncePerRequestFilter.java:117) ~[spring-web-5.3.29.jar:5.3.29]
	at org.apache.catalina.core.ApplicationFilterChain.internalDoFilter(ApplicationFilterChain.java:178) ~[tomcat-embed-core-9.0.78.jar:9.0.78]
	at org.apache.catalina.core.ApplicationFilterChain.doFilter(ApplicationFilterChain.java:153) ~[tomcat-embed-core-9.0.78.jar:9.0.78]
	at org.springframework.web.filter.CharacterEncodingFilter.doFilterInternal(CharacterEncodingFilter.java:201) ~[spring-web-5.3.29.jar:5.3.29]
	at org.springframework.web.filter.OncePerRequestFilter.doFilter(OncePerRequestFilter.java:117) ~[spring-web-5.3.29.jar:5.3.29]
	at org.apache.catalina.core.ApplicationFilterChain.internalDoFilter(ApplicationFilterChain.java:178) ~[tomcat-embed-core-9.0.78.jar:9.0.78]
	at org.apache.catalina.core.ApplicationFilterChain.doFilter(ApplicationFilterChain.java:153) ~[tomcat-embed-core-9.0.78.jar:9.0.78]
	at org.apache.catalina.core.StandardWrapperValve.invoke(StandardWrapperValve.java:167) ~[tomcat-embed-core-9.0.78.jar:9.0.78]
	at org.apache.catalina.core.StandardContextValve.invoke(StandardContextValve.java:90) ~[tomcat-embed-core-9.0.78.jar:9.0.78]
	at org.apache.catalina.authenticator.AuthenticatorBase.invoke(AuthenticatorBase.java:481) ~[tomcat-embed-core-9.0.78.jar:9.0.78]
	at org.apache.catalina.core.StandardHostValve.invoke(StandardHostValve.java:130) ~[tomcat-embed-core-9.0.78.jar:9.0.78]
	at org.apache.catalina.valves.ErrorReportValve.invoke(ErrorReportValve.java:93) ~[tomcat-embed-core-9.0.78.jar:9.0.78]
	at org.apache.catalina.core.StandardEngineValve.invoke(StandardEngineValve.java:74) ~[tomcat-embed-core-9.0.78.jar:9.0.78]
	at org.apache.catalina.connector.CoyoteAdapter.service(CoyoteAdapter.java:343) ~[tomcat-embed-core-9.0.78.jar:9.0.78]
	at org.apache.coyote.http11.Http11Processor.service(Http11Processor.java:390) ~[tomcat-embed-core-9.0.78.jar:9.0.78]
	at org.apache.coyote.AbstractProcessorLight.process(AbstractProcessorLight.java:63) ~[tomcat-embed-core-9.0.78.jar:9.0.78]
	at org.apache.coyote.AbstractProtocol$ConnectionHandler.process(AbstractProtocol.java:926) ~[tomcat-embed-core-9.0.78.jar:9.0.78]
	at org.apache.tomcat.util.net.NioEndpoint$SocketProcessor.doRun(NioEndpoint.java:1791) ~[tomcat-embed-core-9.0.78.jar:9.0.78]
	at org.apache.tomcat.util.net.SocketProcessorBase.run(SocketProcessorBase.java:52) ~[tomcat-embed-core-9.0.78.jar:9.0.78]
	at org.apache.tomcat.util.threads.ThreadPoolExecutor.runWorker(ThreadPoolExecutor.java:1191) ~[tomcat-embed-core-9.0.78.jar:9.0.78]
	at org.apache.tomcat.util.threads.ThreadPoolExecutor$Worker.run(ThreadPoolExecutor.java:659) ~[tomcat-embed-core-9.0.78.jar:9.0.78]
	at org.apache.tomcat.util.threads.TaskThread$WrappingRunnable.run(TaskThread.java:61) ~[tomcat-embed-core-9.0.78.jar:9.0.78]
	at java.base/java.lang.Thread.run(Thread.java:829) ~[na:na]

2026-09-21 09:39:28.712 ERROR 12556 --- [nio-8080-exec-2] o.a.c.c.C.[.[.[/].[dispatcherServlet]    : Servlet.service() for servlet [dispatcherServlet] in context with path [] threw exception [Request processing failed; nested exception is org.springframework.orm.jpa.JpaSystemException: could not prepare statement; nested exception is org.hibernate.exception.GenericJDBCException: could not prepare statement] with root cause

org.sqlite.SQLiteException: [SQLITE_ERROR] SQL error or missing database (no such column: atividade0_.atualizada_em)
	at org.sqlite.core.DB.newSQLException(DB.java:1179) ~[sqlite-jdbc-3.45.3.0.jar:na]
	at org.sqlite.core.DB.newSQLException(DB.java:1190) ~[sqlite-jdbc-3.45.3.0.jar:na]
	at org.sqlite.core.DB.throwex(DB.java:1150) ~[sqlite-jdbc-3.45.3.0.jar:na]
	at org.sqlite.core.NativeDB.prepare_utf8(Native Method) ~[sqlite-jdbc-3.45.3.0.jar:na]
	at org.sqlite.core.NativeDB.prepare(NativeDB.java:132) ~[sqlite-jdbc-3.45.3.0.jar:na]
	at org.sqlite.core.DB.prepare(DB.java:264) ~[sqlite-jdbc-3.45.3.0.jar:na]
	at org.sqlite.core.CorePreparedStatement.<init>(CorePreparedStatement.java:46) ~[sqlite-jdbc-3.45.3.0.jar:na]
	at org.sqlite.jdbc3.JDBC3PreparedStatement.<init>(JDBC3PreparedStatement.java:32) ~[sqlite-jdbc-3.45.3.0.jar:na]
	at org.sqlite.jdbc4.JDBC4PreparedStatement.<init>(JDBC4PreparedStatement.java:25) ~[sqlite-jdbc-3.45.3.0.jar:na]
	at org.sqlite.jdbc4.JDBC4Connection.prepareStatement(JDBC4Connection.java:34) ~[sqlite-jdbc-3.45.3.0.jar:na]
	at org.sqlite.jdbc3.JDBC3Connection.prepareStatement(JDBC3Connection.java:225) ~[sqlite-jdbc-3.45.3.0.jar:na]
	at org.sqlite.jdbc3.JDBC3Connection.prepareStatement(JDBC3Connection.java:205) ~[sqlite-jdbc-3.45.3.0.jar:na]
	at com.zaxxer.hikari.pool.ProxyConnection.prepareStatement(ProxyConnection.java:337) ~[HikariCP-4.0.3.jar:na]
	at com.zaxxer.hikari.pool.HikariProxyConnection.prepareStatement(HikariProxyConnection.java) ~[HikariCP-4.0.3.jar:na]
	at org.hibernate.engine.jdbc.internal.StatementPreparerImpl$5.doPrepare(StatementPreparerImpl.java:149) ~[hibernate-core-5.6.15.Final.jar:5.6.15.Final]
	at org.hibernate.engine.jdbc.internal.StatementPreparerImpl$StatementPreparationTemplate.prepareStatement(StatementPreparerImpl.java:176) ~[hibernate-core-5.6.15.Final.jar:5.6.15.Final]
	at org.hibernate.engine.jdbc.internal.StatementPreparerImpl.prepareQueryStatement(StatementPreparerImpl.java:151) ~[hibernate-core-5.6.15.Final.jar:5.6.15.Final]
	at org.hibernate.loader.Loader.prepareQueryStatement(Loader.java:2122) ~[hibernate-core-5.6.15.Final.jar:5.6.15.Final]
	at org.hibernate.loader.Loader.executeQueryStatement(Loader.java:2059) ~[hibernate-core-5.6.15.Final.jar:5.6.15.Final]
	at org.hibernate.loader.Loader.executeQueryStatement(Loader.java:2037) ~[hibernate-core-5.6.15.Final.jar:5.6.15.Final]
	at org.hibernate.loader.Loader.doQuery(Loader.java:956) ~[hibernate-core-5.6.15.Final.jar:5.6.15.Final]
	at org.hibernate.loader.Loader.doQueryAndInitializeNonLazyCollections(Loader.java:357) ~[hibernate-core-5.6.15.Final.jar:5.6.15.Final]
	at org.hibernate.loader.Loader.doList(Loader.java:2868) ~[hibernate-core-5.6.15.Final.jar:5.6.15.Final]
	at org.hibernate.loader.Loader.doList(Loader.java:2850) ~[hibernate-core-5.6.15.Final.jar:5.6.15.Final]
	at org.hibernate.loader.Loader.listIgnoreQueryCache(Loader.java:2682) ~[hibernate-core-5.6.15.Final.jar:5.6.15.Final]
	at org.hibernate.loader.Loader.list(Loader.java:2677) ~[hibernate-core-5.6.15.Final.jar:5.6.15.Final]
	at org.hibernate.loader.hql.QueryLoader.list(QueryLoader.java:540) ~[hibernate-core-5.6.15.Final.jar:5.6.15.Final]
	at org.hibernate.hql.internal.ast.QueryTranslatorImpl.list(QueryTranslatorImpl.java:400) ~[hibernate-core-5.6.15.Final.jar:5.6.15.Final]
	at org.hibernate.engine.query.spi.HQLQueryPlan.performList(HQLQueryPlan.java:218) ~[hibernate-core-5.6.15.Final.jar:5.6.15.Final]
	at org.hibernate.internal.SessionImpl.list(SessionImpl.java:1459) ~[hibernate-core-5.6.15.Final.jar:5.6.15.Final]
	at org.hibernate.query.internal.AbstractProducedQuery.doList(AbstractProducedQuery.java:1649) ~[hibernate-core-5.6.15.Final.jar:5.6.15.Final]
	at org.hibernate.query.internal.AbstractProducedQuery.list(AbstractProducedQuery.java:1617) ~[hibernate-core-5.6.15.Final.jar:5.6.15.Final]
	at org.hibernate.query.Query.getResultList(Query.java:165) ~[hibernate-core-5.6.15.Final.jar:5.6.15.Final]
	at org.hibernate.query.criteria.internal.compile.CriteriaQueryTypeQueryAdapter.getResultList(CriteriaQueryTypeQueryAdapter.java:76) ~[hibernate-core-5.6.15.Final.jar:5.6.15.Final]
	at org.springframework.data.jpa.repository.query.JpaQueryExecution$CollectionExecution.doExecute(JpaQueryExecution.java:128) ~[spring-data-jpa-2.7.14.jar:2.7.14]
	at org.springframework.data.jpa.repository.query.JpaQueryExecution.execute(JpaQueryExecution.java:90) ~[spring-data-jpa-2.7.14.jar:2.7.14]
	at org.springframework.data.jpa.repository.query.AbstractJpaQuery.doExecute(AbstractJpaQuery.java:156) ~[spring-data-jpa-2.7.14.jar:2.7.14]
	at org.springframework.data.jpa.repository.query.AbstractJpaQuery.execute(AbstractJpaQuery.java:144) ~[spring-data-jpa-2.7.14.jar:2.7.14]
	at org.springframework.data.repository.core.support.RepositoryMethodInvoker.doInvoke(RepositoryMethodInvoker.java:137) ~[spring-data-commons-2.7.14.jar:2.7.14]
	at org.springframework.data.repository.core.support.RepositoryMethodInvoker.invoke(RepositoryMethodInvoker.java:121) ~[spring-data-commons-2.7.14.jar:2.7.14]
	at org.springframework.data.repository.core.support.QueryExecutorMethodInterceptor.doInvoke(QueryExecutorMethodInterceptor.java:160) ~[spring-data-commons-2.7.14.jar:2.7.14]
	at org.springframework.data.repository.core.support.QueryExecutorMethodInterceptor.invoke(QueryExecutorMethodInterceptor.java:139) ~[spring-data-commons-2.7.14.jar:2.7.14]
	at org.springframework.aop.framework.ReflectiveMethodInvocation.proceed(ReflectiveMethodInvocation.java:186) ~[spring-aop-5.3.29.jar:5.3.29]
	at org.springframework.data.projection.DefaultMethodInvokingMethodInterceptor.invoke(DefaultMethodInvokingMethodInterceptor.java:76) ~[spring-data-commons-2.7.14.jar:2.7.14]
	at org.springframework.aop.framework.ReflectiveMethodInvocation.proceed(ReflectiveMethodInvocation.java:186) ~[spring-aop-5.3.29.jar:5.3.29]
	at org.springframework.transaction.interceptor.TransactionInterceptor$1.proceedWithInvocation(TransactionInterceptor.java:123) ~[spring-tx-5.3.29.jar:5.3.29]
	at org.springframework.transaction.interceptor.TransactionAspectSupport.invokeWithinTransaction(TransactionAspectSupport.java:388) ~[spring-tx-5.3.29.jar:5.3.29]
	at org.springframework.transaction.interceptor.TransactionInterceptor.invoke(TransactionInterceptor.java:119) ~[spring-tx-5.3.29.jar:5.3.29]
	at org.springframework.aop.framework.ReflectiveMethodInvocation.proceed(ReflectiveMethodInvocation.java:186) ~[spring-aop-5.3.29.jar:5.3.29]
	at org.springframework.dao.support.PersistenceExceptionTranslationInterceptor.invoke(PersistenceExceptionTranslationInterceptor.java:137) ~[spring-tx-5.3.29.jar:5.3.29]
	at org.springframework.aop.framework.ReflectiveMethodInvocation.proceed(ReflectiveMethodInvocation.java:186) ~[spring-aop-5.3.29.jar:5.3.29]
	at org.springframework.data.jpa.repository.support.CrudMethodMetadataPostProcessor$CrudMethodMetadataPopulatingMethodInterceptor.invoke(CrudMethodMetadataPostProcessor.java:145) ~[spring-data-jpa-2.7.14.jar:2.7.14]
	at org.springframework.aop.framework.ReflectiveMethodInvocation.proceed(ReflectiveMethodInvocation.java:186) ~[spring-aop-5.3.29.jar:5.3.29]
	at org.springframework.aop.interceptor.ExposeInvocationInterceptor.invoke(ExposeInvocationInterceptor.java:97) ~[spring-aop-5.3.29.jar:5.3.29]
	at org.springframework.aop.framework.ReflectiveMethodInvocation.proceed(ReflectiveMethodInvocation.java:186) ~[spring-aop-5.3.29.jar:5.3.29]
	at org.springframework.aop.framework.JdkDynamicAopProxy.invoke(JdkDynamicAopProxy.java:241) ~[spring-aop-5.3.29.jar:5.3.29]
	at com.sun.proxy.$Proxy118.findByAtivaTrue(Unknown Source) ~[na:na]
	at br.com.radarfornecedor.radar.service.AtividadeService.listarAtivas(AtividadeService.java:26) ~[classes/:na]
	at br.com.radarfornecedor.radar.controller.AtividadeController.listarAtivas(AtividadeController.java:33) ~[classes/:na]
	at java.base/jdk.internal.reflect.NativeMethodAccessorImpl.invoke0(Native Method) ~[na:na]
	at java.base/jdk.internal.reflect.NativeMethodAccessorImpl.invoke(NativeMethodAccessorImpl.java:62) ~[na:na]
	at java.base/jdk.internal.reflect.DelegatingMethodAccessorImpl.invoke(DelegatingMethodAccessorImpl.java:43) ~[na:na]
	at java.base/java.lang.reflect.Method.invoke(Method.java:566) ~[na:na]
	at org.springframework.web.method.support.InvocableHandlerMethod.doInvoke(InvocableHandlerMethod.java:205) ~[spring-web-5.3.29.jar:5.3.29]
	at org.springframework.web.method.support.InvocableHandlerMethod.invokeForRequest(InvocableHandlerMethod.java:150) ~[spring-web-5.3.29.jar:5.3.29]
	at org.springframework.web.servlet.mvc.method.annotation.ServletInvocableHandlerMethod.invokeAndHandle(ServletInvocableHandlerMethod.java:117) ~[spring-webmvc-5.3.29.jar:5.3.29]
	at org.springframework.web.servlet.mvc.method.annotation.RequestMappingHandlerAdapter.invokeHandlerMethod(RequestMappingHandlerAdapter.java:895) ~[spring-webmvc-5.3.29.jar:5.3.29]
	at org.springframework.web.servlet.mvc.method.annotation.RequestMappingHandlerAdapter.handleInternal(RequestMappingHandlerAdapter.java:808) ~[spring-webmvc-5.3.29.jar:5.3.29]
	at org.springframework.web.servlet.mvc.method.AbstractHandlerMethodAdapter.handle(AbstractHandlerMethodAdapter.java:87) ~[spring-webmvc-5.3.29.jar:5.3.29]
	at org.springframework.web.servlet.DispatcherServlet.doDispatch(DispatcherServlet.java:1072) ~[spring-webmvc-5.3.29.jar:5.3.29]
	at org.springframework.web.servlet.DispatcherServlet.doService(DispatcherServlet.java:965) ~[spring-webmvc-5.3.29.jar:5.3.29]
	at org.springframework.web.servlet.FrameworkServlet.processRequest(FrameworkServlet.java:1006) ~[spring-webmvc-5.3.29.jar:5.3.29]
	at org.springframework.web.servlet.FrameworkServlet.doGet(FrameworkServlet.java:898) ~[spring-webmvc-5.3.29.jar:5.3.29]
	at javax.servlet.http.HttpServlet.service(HttpServlet.java:529) ~[tomcat-embed-core-9.0.78.jar:4.0.FR]
	at org.springframework.web.servlet.FrameworkServlet.service(FrameworkServlet.java:883) ~[spring-webmvc-5.3.29.jar:5.3.29]
	at javax.servlet.http.HttpServlet.service(HttpServlet.java:623) ~[tomcat-embed-core-9.0.78.jar:4.0.FR]
	at org.apache.catalina.core.ApplicationFilterChain.internalDoFilter(ApplicationFilterChain.java:209) ~[tomcat-embed-core-9.0.78.jar:9.0.78]
	at org.apache.catalina.core.ApplicationFilterChain.doFilter(ApplicationFilterChain.java:153) ~[tomcat-embed-core-9.0.78.jar:9.0.78]
	at org.apache.tomcat.websocket.server.WsFilter.doFilter(WsFilter.java:51) ~[tomcat-embed-websocket-9.0.78.jar:9.0.78]
	at org.apache.catalina.core.ApplicationFilterChain.internalDoFilter(ApplicationFilterChain.java:178) ~[tomcat-embed-core-9.0.78.jar:9.0.78]
	at org.apache.catalina.core.ApplicationFilterChain.doFilter(ApplicationFilterChain.java:153) ~[tomcat-embed-core-9.0.78.jar:9.0.78]
	at br.com.radarfornecedor.radar.config.SessionFilter.doFilter(SessionFilter.java:59) ~[classes/:na]
	at org.apache.catalina.core.ApplicationFilterChain.internalDoFilter(ApplicationFilterChain.java:178) ~[tomcat-embed-core-9.0.78.jar:9.0.78]
	at org.apache.catalina.core.ApplicationFilterChain.doFilter(ApplicationFilterChain.java:153) ~[tomcat-embed-core-9.0.78.jar:9.0.78]
	at org.springframework.web.filter.RequestContextFilter.doFilterInternal(RequestContextFilter.java:100) ~[spring-web-5.3.29.jar:5.3.29]
	at org.springframework.web.filter.OncePerRequestFilter.doFilter(OncePerRequestFilter.java:117) ~[spring-web-5.3.29.jar:5.3.29]
	at org.apache.catalina.core.ApplicationFilterChain.internalDoFilter(ApplicationFilterChain.java:178) ~[tomcat-embed-core-9.0.78.jar:9.0.78]
	at org.apache.catalina.core.ApplicationFilterChain.doFilter(ApplicationFilterChain.java:153) ~[tomcat-embed-core-9.0.78.jar:9.0.78]
	at org.springframework.web.filter.FormContentFilter.doFilterInternal(FormContentFilter.java:93) ~[spring-web-5.3.29.jar:5.3.29]
	at org.springframework.web.filter.OncePerRequestFilter.doFilter(OncePerRequestFilter.java:117) ~[spring-web-5.3.29.jar:5.3.29]
	at org.apache.catalina.core.ApplicationFilterChain.internalDoFilter(ApplicationFilterChain.java:178) ~[tomcat-embed-core-9.0.78.jar:9.0.78]
	at org.apache.catalina.core.ApplicationFilterChain.doFilter(ApplicationFilterChain.java:153) ~[tomcat-embed-core-9.0.78.jar:9.0.78]
	at org.springframework.web.filter.CharacterEncodingFilter.doFilterInternal(CharacterEncodingFilter.java:201) ~[spring-web-5.3.29.jar:5.3.29]
	at org.springframework.web.filter.OncePerRequestFilter.doFilter(OncePerRequestFilter.java:117) ~[spring-web-5.3.29.jar:5.3.29]
	at org.apache.catalina.core.ApplicationFilterChain.internalDoFilter(ApplicationFilterChain.java:178) ~[tomcat-embed-core-9.0.78.jar:9.0.78]
	at org.apache.catalina.core.ApplicationFilterChain.doFilter(ApplicationFilterChain.java:153) ~[tomcat-embed-core-9.0.78.jar:9.0.78]
	at org.apache.catalina.core.StandardWrapperValve.invoke(StandardWrapperValve.java:167) ~[tomcat-embed-core-9.0.78.jar:9.0.78]
	at org.apache.catalina.core.StandardContextValve.invoke(StandardContextValve.java:90) ~[tomcat-embed-core-9.0.78.jar:9.0.78]
	at org.apache.catalina.authenticator.AuthenticatorBase.invoke(AuthenticatorBase.java:481) ~[tomcat-embed-core-9.0.78.jar:9.0.78]
	at org.apache.catalina.core.StandardHostValve.invoke(StandardHostValve.java:130) ~[tomcat-embed-core-9.0.78.jar:9.0.78]
	at org.apache.catalina.valves.ErrorReportValve.invoke(ErrorReportValve.java:93) ~[tomcat-embed-core-9.0.78.jar:9.0.78]
	at org.apache.catalina.core.StandardEngineValve.invoke(StandardEngineValve.java:74) ~[tomcat-embed-core-9.0.78.jar:9.0.78]
	at org.apache.catalina.connector.CoyoteAdapter.service(CoyoteAdapter.java:343) ~[tomcat-embed-core-9.0.78.jar:9.0.78]
	at org.apache.coyote.http11.Http11Processor.service(Http11Processor.java:390) ~[tomcat-embed-core-9.0.78.jar:9.0.78]
	at org.apache.coyote.AbstractProcessorLight.process(AbstractProcessorLight.java:63) ~[tomcat-embed-core-9.0.78.jar:9.0.78]
	at org.apache.coyote.AbstractProtocol$ConnectionHandler.process(AbstractProtocol.java:926) ~[tomcat-embed-core-9.0.78.jar:9.0.78]
	at org.apache.tomcat.util.net.NioEndpoint$SocketProcessor.doRun(NioEndpoint.java:1791) ~[tomcat-embed-core-9.0.78.jar:9.0.78]
	at org.apache.tomcat.util.net.SocketProcessorBase.run(SocketProcessorBase.java:52) ~[tomcat-embed-core-9.0.78.jar:9.0.78]
	at org.apache.tomcat.util.threads.ThreadPoolExecutor.runWorker(ThreadPoolExecutor.java:1191) ~[tomcat-embed-core-9.0.78.jar:9.0.78]
	at org.apache.tomcat.util.threads.ThreadPoolExecutor$Worker.run(ThreadPoolExecutor.java:659) ~[tomcat-embed-core-9.0.78.jar:9.0.78]
	at org.apache.tomcat.util.threads.TaskThread$WrappingRunnable.run(TaskThread.java:61) ~[tomcat-embed-core-9.0.78.jar:9.0.78]
	at java.base/java.lang.Thread.run(Thread.java:829) ~[na:na]

2026-09-21 09:39:28.898  WARN 12556 --- [nio-8080-exec-5] o.h.engine.jdbc.spi.SqlExceptionHelper   : SQL Error: 1, SQLState: null
2026-09-21 09:39:28.898 ERROR 12556 --- [nio-8080-exec-5] o.h.engine.jdbc.spi.SqlExceptionHelper   : [SQLITE_ERROR] SQL error or missing database (no such column: categoria0_.atualizada_em)
2026-09-21 09:39:28.902 ERROR 12556 --- [nio-8080-exec-5] o.a.c.c.C.[.[.[/].[dispatcherServlet]    : Servlet.service() for servlet [dispatcherServlet] in context with path [] threw exception [Request processing failed; nested exception is org.springframework.orm.jpa.JpaSystemException: could not prepare statement; nested exception is org.hibernate.exception.GenericJDBCException: could not prepare statement] with root cause

org.sqlite.SQLiteException: [SQLITE_ERROR] SQL error or missing database (no such column: categoria0_.atualizada_em)
	at org.sqlite.core.DB.newSQLException(DB.java:1179) ~[sqlite-jdbc-3.45.3.0.jar:na]
	at org.sqlite.core.DB.newSQLException(DB.java:1190) ~[sqlite-jdbc-3.45.3.0.jar:na]
	at org.sqlite.core.DB.throwex(DB.java:1150) ~[sqlite-jdbc-3.45.3.0.jar:na]
	at org.sqlite.core.NativeDB.prepare_utf8(Native Method) ~[sqlite-jdbc-3.45.3.0.jar:na]
	at org.sqlite.core.NativeDB.prepare(NativeDB.java:132) ~[sqlite-jdbc-3.45.3.0.jar:na]
	at org.sqlite.core.DB.prepare(DB.java:264) ~[sqlite-jdbc-3.45.3.0.jar:na]
	at org.sqlite.core.CorePreparedStatement.<init>(CorePreparedStatement.java:46) ~[sqlite-jdbc-3.45.3.0.jar:na]
	at org.sqlite.jdbc3.JDBC3PreparedStatement.<init>(JDBC3PreparedStatement.java:32) ~[sqlite-jdbc-3.45.3.0.jar:na]
	at org.sqlite.jdbc4.JDBC4PreparedStatement.<init>(JDBC4PreparedStatement.java:25) ~[sqlite-jdbc-3.45.3.0.jar:na]
	at org.sqlite.jdbc4.JDBC4Connection.prepareStatement(JDBC4Connection.java:34) ~[sqlite-jdbc-3.45.3.0.jar:na]
	at org.sqlite.jdbc3.JDBC3Connection.prepareStatement(JDBC3Connection.java:225) ~[sqlite-jdbc-3.45.3.0.jar:na]
	at org.sqlite.jdbc3.JDBC3Connection.prepareStatement(JDBC3Connection.java:205) ~[sqlite-jdbc-3.45.3.0.jar:na]
	at com.zaxxer.hikari.pool.ProxyConnection.prepareStatement(ProxyConnection.java:337) ~[HikariCP-4.0.3.jar:na]
	at com.zaxxer.hikari.pool.HikariProxyConnection.prepareStatement(HikariProxyConnection.java) ~[HikariCP-4.0.3.jar:na]
	at org.hibernate.engine.jdbc.internal.StatementPreparerImpl$5.doPrepare(StatementPreparerImpl.java:149) ~[hibernate-core-5.6.15.Final.jar:5.6.15.Final]
	at org.hibernate.engine.jdbc.internal.StatementPreparerImpl$StatementPreparationTemplate.prepareStatement(StatementPreparerImpl.java:176) ~[hibernate-core-5.6.15.Final.jar:5.6.15.Final]
	at org.hibernate.engine.jdbc.internal.StatementPreparerImpl.prepareQueryStatement(StatementPreparerImpl.java:151) ~[hibernate-core-5.6.15.Final.jar:5.6.15.Final]
	at org.hibernate.loader.Loader.prepareQueryStatement(Loader.java:2122) ~[hibernate-core-5.6.15.Final.jar:5.6.15.Final]
	at org.hibernate.loader.Loader.executeQueryStatement(Loader.java:2059) ~[hibernate-core-5.6.15.Final.jar:5.6.15.Final]
	at org.hibernate.loader.Loader.executeQueryStatement(Loader.java:2037) ~[hibernate-core-5.6.15.Final.jar:5.6.15.Final]
	at org.hibernate.loader.Loader.doQuery(Loader.java:956) ~[hibernate-core-5.6.15.Final.jar:5.6.15.Final]
	at org.hibernate.loader.Loader.doQueryAndInitializeNonLazyCollections(Loader.java:357) ~[hibernate-core-5.6.15.Final.jar:5.6.15.Final]
	at org.hibernate.loader.Loader.doList(Loader.java:2868) ~[hibernate-core-5.6.15.Final.jar:5.6.15.Final]
	at org.hibernate.loader.Loader.doList(Loader.java:2850) ~[hibernate-core-5.6.15.Final.jar:5.6.15.Final]
	at org.hibernate.loader.Loader.listIgnoreQueryCache(Loader.java:2682) ~[hibernate-core-5.6.15.Final.jar:5.6.15.Final]
	at org.hibernate.loader.Loader.list(Loader.java:2677) ~[hibernate-core-5.6.15.Final.jar:5.6.15.Final]
	at org.hibernate.loader.hql.QueryLoader.list(QueryLoader.java:540) ~[hibernate-core-5.6.15.Final.jar:5.6.15.Final]
	at org.hibernate.hql.internal.ast.QueryTranslatorImpl.list(QueryTranslatorImpl.java:400) ~[hibernate-core-5.6.15.Final.jar:5.6.15.Final]
	at org.hibernate.engine.query.spi.HQLQueryPlan.performList(HQLQueryPlan.java:218) ~[hibernate-core-5.6.15.Final.jar:5.6.15.Final]
	at org.hibernate.internal.SessionImpl.list(SessionImpl.java:1459) ~[hibernate-core-5.6.15.Final.jar:5.6.15.Final]
	at org.hibernate.query.internal.AbstractProducedQuery.doList(AbstractProducedQuery.java:1649) ~[hibernate-core-5.6.15.Final.jar:5.6.15.Final]
	at org.hibernate.query.internal.AbstractProducedQuery.list(AbstractProducedQuery.java:1617) ~[hibernate-core-5.6.15.Final.jar:5.6.15.Final]
	at org.hibernate.query.Query.getResultList(Query.java:165) ~[hibernate-core-5.6.15.Final.jar:5.6.15.Final]
	at org.hibernate.query.criteria.internal.compile.CriteriaQueryTypeQueryAdapter.getResultList(CriteriaQueryTypeQueryAdapter.java:76) ~[hibernate-core-5.6.15.Final.jar:5.6.15.Final]
	at org.springframework.data.jpa.repository.query.JpaQueryExecution$CollectionExecution.doExecute(JpaQueryExecution.java:128) ~[spring-data-jpa-2.7.14.jar:2.7.14]
	at org.springframework.data.jpa.repository.query.JpaQueryExecution.execute(JpaQueryExecution.java:90) ~[spring-data-jpa-2.7.14.jar:2.7.14]
	at org.springframework.data.jpa.repository.query.AbstractJpaQuery.doExecute(AbstractJpaQuery.java:156) ~[spring-data-jpa-2.7.14.jar:2.7.14]
	at org.springframework.data.jpa.repository.query.AbstractJpaQuery.execute(AbstractJpaQuery.java:144) ~[spring-data-jpa-2.7.14.jar:2.7.14]
	at org.springframework.data.repository.core.support.RepositoryMethodInvoker.doInvoke(RepositoryMethodInvoker.java:137) ~[spring-data-commons-2.7.14.jar:2.7.14]
	at org.springframework.data.repository.core.support.RepositoryMethodInvoker.invoke(RepositoryMethodInvoker.java:121) ~[spring-data-commons-2.7.14.jar:2.7.14]
	at org.springframework.data.repository.core.support.QueryExecutorMethodInterceptor.doInvoke(QueryExecutorMethodInterceptor.java:160) ~[spring-data-commons-2.7.14.jar:2.7.14]
	at org.springframework.data.repository.core.support.QueryExecutorMethodInterceptor.invoke(QueryExecutorMethodInterceptor.java:139) ~[spring-data-commons-2.7.14.jar:2.7.14]
	at org.springframework.aop.framework.ReflectiveMethodInvocation.proceed(ReflectiveMethodInvocation.java:186) ~[spring-aop-5.3.29.jar:5.3.29]
	at org.springframework.data.projection.DefaultMethodInvokingMethodInterceptor.invoke(DefaultMethodInvokingMethodInterceptor.java:76) ~[spring-data-commons-2.7.14.jar:2.7.14]
	at org.springframework.aop.framework.ReflectiveMethodInvocation.proceed(ReflectiveMethodInvocation.java:186) ~[spring-aop-5.3.29.jar:5.3.29]
	at org.springframework.transaction.interceptor.TransactionInterceptor$1.proceedWithInvocation(TransactionInterceptor.java:123) ~[spring-tx-5.3.29.jar:5.3.29]
	at org.springframework.transaction.interceptor.TransactionAspectSupport.invokeWithinTransaction(TransactionAspectSupport.java:388) ~[spring-tx-5.3.29.jar:5.3.29]
	at org.springframework.transaction.interceptor.TransactionInterceptor.invoke(TransactionInterceptor.java:119) ~[spring-tx-5.3.29.jar:5.3.29]
	at org.springframework.aop.framework.ReflectiveMethodInvocation.proceed(ReflectiveMethodInvocation.java:186) ~[spring-aop-5.3.29.jar:5.3.29]
	at org.springframework.dao.support.PersistenceExceptionTranslationInterceptor.invoke(PersistenceExceptionTranslationInterceptor.java:137) ~[spring-tx-5.3.29.jar:5.3.29]
	at org.springframework.aop.framework.ReflectiveMethodInvocation.proceed(ReflectiveMethodInvocation.java:186) ~[spring-aop-5.3.29.jar:5.3.29]
	at org.springframework.data.jpa.repository.support.CrudMethodMetadataPostProcessor$CrudMethodMetadataPopulatingMethodInterceptor.invoke(CrudMethodMetadataPostProcessor.java:145) ~[spring-data-jpa-2.7.14.jar:2.7.14]
	at org.springframework.aop.framework.ReflectiveMethodInvocation.proceed(ReflectiveMethodInvocation.java:186) ~[spring-aop-5.3.29.jar:5.3.29]
	at org.springframework.aop.interceptor.ExposeInvocationInterceptor.invoke(ExposeInvocationInterceptor.java:97) ~[spring-aop-5.3.29.jar:5.3.29]
	at org.springframework.aop.framework.ReflectiveMethodInvocation.proceed(ReflectiveMethodInvocation.java:186) ~[spring-aop-5.3.29.jar:5.3.29]
	at org.springframework.aop.framework.JdkDynamicAopProxy.invoke(JdkDynamicAopProxy.java:241) ~[spring-aop-5.3.29.jar:5.3.29]
	at com.sun.proxy.$Proxy121.findByAtivaTrue(Unknown Source) ~[na:na]
	at br.com.radarfornecedor.radar.service.CategoriaService.listarAtivas(CategoriaService.java:26) ~[classes/:na]
	at br.com.radarfornecedor.radar.controller.CategoriaController.listarAtivas(CategoriaController.java:33) ~[classes/:na]
	at java.base/jdk.internal.reflect.NativeMethodAccessorImpl.invoke0(Native Method) ~[na:na]
	at java.base/jdk.internal.reflect.NativeMethodAccessorImpl.invoke(NativeMethodAccessorImpl.java:62) ~[na:na]
	at java.base/jdk.internal.reflect.DelegatingMethodAccessorImpl.invoke(DelegatingMethodAccessorImpl.java:43) ~[na:na]
	at java.base/java.lang.reflect.Method.invoke(Method.java:566) ~[na:na]
	at org.springframework.web.method.support.InvocableHandlerMethod.doInvoke(InvocableHandlerMethod.java:205) ~[spring-web-5.3.29.jar:5.3.29]
	at org.springframework.web.method.support.InvocableHandlerMethod.invokeForRequest(InvocableHandlerMethod.java:150) ~[spring-web-5.3.29.jar:5.3.29]
	at org.springframework.web.servlet.mvc.method.annotation.ServletInvocableHandlerMethod.invokeAndHandle(ServletInvocableHandlerMethod.java:117) ~[spring-webmvc-5.3.29.jar:5.3.29]
	at org.springframework.web.servlet.mvc.method.annotation.RequestMappingHandlerAdapter.invokeHandlerMethod(RequestMappingHandlerAdapter.java:895) ~[spring-webmvc-5.3.29.jar:5.3.29]
	at org.springframework.web.servlet.mvc.method.annotation.RequestMappingHandlerAdapter.handleInternal(RequestMappingHandlerAdapter.java:808) ~[spring-webmvc-5.3.29.jar:5.3.29]
	at org.springframework.web.servlet.mvc.method.AbstractHandlerMethodAdapter.handle(AbstractHandlerMethodAdapter.java:87) ~[spring-webmvc-5.3.29.jar:5.3.29]
	at org.springframework.web.servlet.DispatcherServlet.doDispatch(DispatcherServlet.java:1072) ~[spring-webmvc-5.3.29.jar:5.3.29]
	at org.springframework.web.servlet.DispatcherServlet.doService(DispatcherServlet.java:965) ~[spring-webmvc-5.3.29.jar:5.3.29]
	at org.springframework.web.servlet.FrameworkServlet.processRequest(FrameworkServlet.java:1006) ~[spring-webmvc-5.3.29.jar:5.3.29]
	at org.springframework.web.servlet.FrameworkServlet.doGet(FrameworkServlet.java:898) ~[spring-webmvc-5.3.29.jar:5.3.29]
	at javax.servlet.http.HttpServlet.service(HttpServlet.java:529) ~[tomcat-embed-core-9.0.78.jar:4.0.FR]
	at org.springframework.web.servlet.FrameworkServlet.service(FrameworkServlet.java:883) ~[spring-webmvc-5.3.29.jar:5.3.29]
	at javax.servlet.http.HttpServlet.service(HttpServlet.java:623) ~[tomcat-embed-core-9.0.78.jar:4.0.FR]
	at org.apache.catalina.core.ApplicationFilterChain.internalDoFilter(ApplicationFilterChain.java:209) ~[tomcat-embed-core-9.0.78.jar:9.0.78]
	at org.apache.catalina.core.ApplicationFilterChain.doFilter(ApplicationFilterChain.java:153) ~[tomcat-embed-core-9.0.78.jar:9.0.78]
	at org.apache.tomcat.websocket.server.WsFilter.doFilter(WsFilter.java:51) ~[tomcat-embed-websocket-9.0.78.jar:9.0.78]
	at org.apache.catalina.core.ApplicationFilterChain.internalDoFilter(ApplicationFilterChain.java:178) ~[tomcat-embed-core-9.0.78.jar:9.0.78]
	at org.apache.catalina.core.ApplicationFilterChain.doFilter(ApplicationFilterChain.java:153) ~[tomcat-embed-core-9.0.78.jar:9.0.78]
	at br.com.radarfornecedor.radar.config.SessionFilter.doFilter(SessionFilter.java:59) ~[classes/:na]
	at org.apache.catalina.core.ApplicationFilterChain.internalDoFilter(ApplicationFilterChain.java:178) ~[tomcat-embed-core-9.0.78.jar:9.0.78]
	at org.apache.catalina.core.ApplicationFilterChain.doFilter(ApplicationFilterChain.java:153) ~[tomcat-embed-core-9.0.78.jar:9.0.78]
	at org.springframework.web.filter.RequestContextFilter.doFilterInternal(RequestContextFilter.java:100) ~[spring-web-5.3.29.jar:5.3.29]
	at org.springframework.web.filter.OncePerRequestFilter.doFilter(OncePerRequestFilter.java:117) ~[spring-web-5.3.29.jar:5.3.29]
	at org.apache.catalina.core.ApplicationFilterChain.internalDoFilter(ApplicationFilterChain.java:178) ~[tomcat-embed-core-9.0.78.jar:9.0.78]
	at org.apache.catalina.core.ApplicationFilterChain.doFilter(ApplicationFilterChain.java:153) ~[tomcat-embed-core-9.0.78.jar:9.0.78]
	at org.springframework.web.filter.FormContentFilter.doFilterInternal(FormContentFilter.java:93) ~[spring-web-5.3.29.jar:5.3.29]
	at org.springframework.web.filter.OncePerRequestFilter.doFilter(OncePerRequestFilter.java:117) ~[spring-web-5.3.29.jar:5.3.29]
	at org.apache.catalina.core.ApplicationFilterChain.internalDoFilter(ApplicationFilterChain.java:178) ~[tomcat-embed-core-9.0.78.jar:9.0.78]
	at org.apache.catalina.core.ApplicationFilterChain.doFilter(ApplicationFilterChain.java:153) ~[tomcat-embed-core-9.0.78.jar:9.0.78]
	at org.springframework.web.filter.CharacterEncodingFilter.doFilterInternal(CharacterEncodingFilter.java:201) ~[spring-web-5.3.29.jar:5.3.29]
	at org.springframework.web.filter.OncePerRequestFilter.doFilter(OncePerRequestFilter.java:117) ~[spring-web-5.3.29.jar:5.3.29]
	at org.apache.catalina.core.ApplicationFilterChain.internalDoFilter(ApplicationFilterChain.java:178) ~[tomcat-embed-core-9.0.78.jar:9.0.78]
	at org.apache.catalina.core.ApplicationFilterChain.doFilter(ApplicationFilterChain.java:153) ~[tomcat-embed-core-9.0.78.jar:9.0.78]
	at org.apache.catalina.core.StandardWrapperValve.invoke(StandardWrapperValve.java:167) ~[tomcat-embed-core-9.0.78.jar:9.0.78]
	at org.apache.catalina.core.StandardContextValve.invoke(StandardContextValve.java:90) ~[tomcat-embed-core-9.0.78.jar:9.0.78]
	at org.apache.catalina.authenticator.AuthenticatorBase.invoke(AuthenticatorBase.java:481) ~[tomcat-embed-core-9.0.78.jar:9.0.78]
	at org.apache.catalina.core.StandardHostValve.invoke(StandardHostValve.java:130) ~[tomcat-embed-core-9.0.78.jar:9.0.78]
	at org.apache.catalina.valves.ErrorReportValve.invoke(ErrorReportValve.java:93) ~[tomcat-embed-core-9.0.78.jar:9.0.78]
	at org.apache.catalina.core.StandardEngineValve.invoke(StandardEngineValve.java:74) ~[tomcat-embed-core-9.0.78.jar:9.0.78]
	at org.apache.catalina.connector.CoyoteAdapter.service(CoyoteAdapter.java:343) ~[tomcat-embed-core-9.0.78.jar:9.0.78]
	at org.apache.coyote.http11.Http11Processor.service(Http11Processor.java:390) ~[tomcat-embed-core-9.0.78.jar:9.0.78]
	at org.apache.coyote.AbstractProcessorLight.process(AbstractProcessorLight.java:63) ~[tomcat-embed-core-9.0.78.jar:9.0.78]
	at org.apache.coyote.AbstractProtocol$ConnectionHandler.process(AbstractProtocol.java:926) ~[tomcat-embed-core-9.0.78.jar:9.0.78]
	at org.apache.tomcat.util.net.NioEndpoint$SocketProcessor.doRun(NioEndpoint.java:1791) ~[tomcat-embed-core-9.0.78.jar:9.0.78]
	at org.apache.tomcat.util.net.SocketProcessorBase.run(SocketProcessorBase.java:52) ~[tomcat-embed-core-9.0.78.jar:9.0.78]
	at org.apache.tomcat.util.threads.ThreadPoolExecutor.runWorker(ThreadPoolExecutor.java:1191) ~[tomcat-embed-core-9.0.78.jar:9.0.78]
	at org.apache.tomcat.util.threads.ThreadPoolExecutor$Worker.run(ThreadPoolExecutor.java:659) ~[tomcat-embed-core-9.0.78.jar:9.0.78]
	at org.apache.tomcat.util.threads.TaskThread$WrappingRunnable.run(TaskThread.java:61) ~[tomcat-embed-core-9.0.78.jar:9.0.78]
	at java.base/java.lang.Thread.run(Thread.java:829) ~[na:na]

2026-09-21 09:39:28.978  WARN 12556 --- [nio-8080-exec-6] o.h.engine.jdbc.spi.SqlExceptionHelper   : SQL Error: 1, SQLState: null
2026-09-21 09:39:28.979 ERROR 12556 --- [nio-8080-exec-6] o.h.engine.jdbc.spi.SqlExceptionHelper   : [SQLITE_ERROR] SQL error or missing database (no such column: atividade0_.atualizada_em)
2026-09-21 09:39:28.982 ERROR 12556 --- [nio-8080-exec-6] o.a.c.c.C.[.[.[/].[dispatcherServlet]    : Servlet.service() for servlet [dispatcherServlet] in context with path [] threw exception [Request processing failed; nested exception is org.springframework.orm.jpa.JpaSystemException: could not prepare statement; nested exception is org.hibernate.exception.GenericJDBCException: could not prepare statement] with root cause

org.sqlite.SQLiteException: [SQLITE_ERROR] SQL error or missing database (no such column: atividade0_.atualizada_em)
	at org.sqlite.core.DB.newSQLException(DB.java:1179) ~[sqlite-jdbc-3.45.3.0.jar:na]
	at org.sqlite.core.DB.newSQLException(DB.java:1190) ~[sqlite-jdbc-3.45.3.0.jar:na]
	at org.sqlite.core.DB.throwex(DB.java:1150) ~[sqlite-jdbc-3.45.3.0.jar:na]
	at org.sqlite.core.NativeDB.prepare_utf8(Native Method) ~[sqlite-jdbc-3.45.3.0.jar:na]
	at org.sqlite.core.NativeDB.prepare(NativeDB.java:132) ~[sqlite-jdbc-3.45.3.0.jar:na]
	at org.sqlite.core.DB.prepare(DB.java:264) ~[sqlite-jdbc-3.45.3.0.jar:na]
	at org.sqlite.core.CorePreparedStatement.<init>(CorePreparedStatement.java:46) ~[sqlite-jdbc-3.45.3.0.jar:na]
	at org.sqlite.jdbc3.JDBC3PreparedStatement.<init>(JDBC3PreparedStatement.java:32) ~[sqlite-jdbc-3.45.3.0.jar:na]
	at org.sqlite.jdbc4.JDBC4PreparedStatement.<init>(JDBC4PreparedStatement.java:25) ~[sqlite-jdbc-3.45.3.0.jar:na]
	at org.sqlite.jdbc4.JDBC4Connection.prepareStatement(JDBC4Connection.java:34) ~[sqlite-jdbc-3.45.3.0.jar:na]
	at org.sqlite.jdbc3.JDBC3Connection.prepareStatement(JDBC3Connection.java:225) ~[sqlite-jdbc-3.45.3.0.jar:na]
	at org.sqlite.jdbc3.JDBC3Connection.prepareStatement(JDBC3Connection.java:205) ~[sqlite-jdbc-3.45.3.0.jar:na]
	at com.zaxxer.hikari.pool.ProxyConnection.prepareStatement(ProxyConnection.java:337) ~[HikariCP-4.0.3.jar:na]
	at com.zaxxer.hikari.pool.HikariProxyConnection.prepareStatement(HikariProxyConnection.java) ~[HikariCP-4.0.3.jar:na]
	at org.hibernate.engine.jdbc.internal.StatementPreparerImpl$5.doPrepare(StatementPreparerImpl.java:149) ~[hibernate-core-5.6.15.Final.jar:5.6.15.Final]
	at org.hibernate.engine.jdbc.internal.StatementPreparerImpl$StatementPreparationTemplate.prepareStatement(StatementPreparerImpl.java:176) ~[hibernate-core-5.6.15.Final.jar:5.6.15.Final]
	at org.hibernate.engine.jdbc.internal.StatementPreparerImpl.prepareQueryStatement(StatementPreparerImpl.java:151) ~[hibernate-core-5.6.15.Final.jar:5.6.15.Final]
	at org.hibernate.loader.Loader.prepareQueryStatement(Loader.java:2122) ~[hibernate-core-5.6.15.Final.jar:5.6.15.Final]
	at org.hibernate.loader.Loader.executeQueryStatement(Loader.java:2059) ~[hibernate-core-5.6.15.Final.jar:5.6.15.Final]
	at org.hibernate.loader.Loader.executeQueryStatement(Loader.java:2037) ~[hibernate-core-5.6.15.Final.jar:5.6.15.Final]
	at org.hibernate.loader.Loader.doQuery(Loader.java:956) ~[hibernate-core-5.6.15.Final.jar:5.6.15.Final]
	at org.hibernate.loader.Loader.doQueryAndInitializeNonLazyCollections(Loader.java:357) ~[hibernate-core-5.6.15.Final.jar:5.6.15.Final]
	at org.hibernate.loader.Loader.doList(Loader.java:2868) ~[hibernate-core-5.6.15.Final.jar:5.6.15.Final]
	at org.hibernate.loader.Loader.doList(Loader.java:2850) ~[hibernate-core-5.6.15.Final.jar:5.6.15.Final]
	at org.hibernate.loader.Loader.listIgnoreQueryCache(Loader.java:2682) ~[hibernate-core-5.6.15.Final.jar:5.6.15.Final]
	at org.hibernate.loader.Loader.list(Loader.java:2677) ~[hibernate-core-5.6.15.Final.jar:5.6.15.Final]
	at org.hibernate.loader.hql.QueryLoader.list(QueryLoader.java:540) ~[hibernate-core-5.6.15.Final.jar:5.6.15.Final]
	at org.hibernate.hql.internal.ast.QueryTranslatorImpl.list(QueryTranslatorImpl.java:400) ~[hibernate-core-5.6.15.Final.jar:5.6.15.Final]
	at org.hibernate.engine.query.spi.HQLQueryPlan.performList(HQLQueryPlan.java:218) ~[hibernate-core-5.6.15.Final.jar:5.6.15.Final]
	at org.hibernate.internal.SessionImpl.list(SessionImpl.java:1459) ~[hibernate-core-5.6.15.Final.jar:5.6.15.Final]
	at org.hibernate.query.internal.AbstractProducedQuery.doList(AbstractProducedQuery.java:1649) ~[hibernate-core-5.6.15.Final.jar:5.6.15.Final]
	at org.hibernate.query.internal.AbstractProducedQuery.list(AbstractProducedQuery.java:1617) ~[hibernate-core-5.6.15.Final.jar:5.6.15.Final]
	at org.hibernate.query.Query.getResultList(Query.java:165) ~[hibernate-core-5.6.15.Final.jar:5.6.15.Final]
	at org.hibernate.query.criteria.internal.compile.CriteriaQueryTypeQueryAdapter.getResultList(CriteriaQueryTypeQueryAdapter.java:76) ~[hibernate-core-5.6.15.Final.jar:5.6.15.Final]
	at org.springframework.data.jpa.repository.query.JpaQueryExecution$CollectionExecution.doExecute(JpaQueryExecution.java:128) ~[spring-data-jpa-2.7.14.jar:2.7.14]
	at org.springframework.data.jpa.repository.query.JpaQueryExecution.execute(JpaQueryExecution.java:90) ~[spring-data-jpa-2.7.14.jar:2.7.14]
	at org.springframework.data.jpa.repository.query.AbstractJpaQuery.doExecute(AbstractJpaQuery.java:156) ~[spring-data-jpa-2.7.14.jar:2.7.14]
	at org.springframework.data.jpa.repository.query.AbstractJpaQuery.execute(AbstractJpaQuery.java:144) ~[spring-data-jpa-2.7.14.jar:2.7.14]
	at org.springframework.data.repository.core.support.RepositoryMethodInvoker.doInvoke(RepositoryMethodInvoker.java:137) ~[spring-data-commons-2.7.14.jar:2.7.14]
	at org.springframework.data.repository.core.support.RepositoryMethodInvoker.invoke(RepositoryMethodInvoker.java:121) ~[spring-data-commons-2.7.14.jar:2.7.14]
	at org.springframework.data.repository.core.support.QueryExecutorMethodInterceptor.doInvoke(QueryExecutorMethodInterceptor.java:160) ~[spring-data-commons-2.7.14.jar:2.7.14]
	at org.springframework.data.repository.core.support.QueryExecutorMethodInterceptor.invoke(QueryExecutorMethodInterceptor.java:139) ~[spring-data-commons-2.7.14.jar:2.7.14]
	at org.springframework.aop.framework.ReflectiveMethodInvocation.proceed(ReflectiveMethodInvocation.java:186) ~[spring-aop-5.3.29.jar:5.3.29]
	at org.springframework.data.projection.DefaultMethodInvokingMethodInterceptor.invoke(DefaultMethodInvokingMethodInterceptor.java:76) ~[spring-data-commons-2.7.14.jar:2.7.14]
	at org.springframework.aop.framework.ReflectiveMethodInvocation.proceed(ReflectiveMethodInvocation.java:186) ~[spring-aop-5.3.29.jar:5.3.29]
	at org.springframework.transaction.interceptor.TransactionInterceptor$1.proceedWithInvocation(TransactionInterceptor.java:123) ~[spring-tx-5.3.29.jar:5.3.29]
	at org.springframework.transaction.interceptor.TransactionAspectSupport.invokeWithinTransaction(TransactionAspectSupport.java:388) ~[spring-tx-5.3.29.jar:5.3.29]
	at org.springframework.transaction.interceptor.TransactionInterceptor.invoke(TransactionInterceptor.java:119) ~[spring-tx-5.3.29.jar:5.3.29]
	at org.springframework.aop.framework.ReflectiveMethodInvocation.proceed(ReflectiveMethodInvocation.java:186) ~[spring-aop-5.3.29.jar:5.3.29]
	at org.springframework.dao.support.PersistenceExceptionTranslationInterceptor.invoke(PersistenceExceptionTranslationInterceptor.java:137) ~[spring-tx-5.3.29.jar:5.3.29]
	at org.springframework.aop.framework.ReflectiveMethodInvocation.proceed(ReflectiveMethodInvocation.java:186) ~[spring-aop-5.3.29.jar:5.3.29]
	at org.springframework.data.jpa.repository.support.CrudMethodMetadataPostProcessor$CrudMethodMetadataPopulatingMethodInterceptor.invoke(CrudMethodMetadataPostProcessor.java:145) ~[spring-data-jpa-2.7.14.jar:2.7.14]
	at org.springframework.aop.framework.ReflectiveMethodInvocation.proceed(ReflectiveMethodInvocation.java:186) ~[spring-aop-5.3.29.jar:5.3.29]
	at org.springframework.aop.interceptor.ExposeInvocationInterceptor.invoke(ExposeInvocationInterceptor.java:97) ~[spring-aop-5.3.29.jar:5.3.29]
	at org.springframework.aop.framework.ReflectiveMethodInvocation.proceed(ReflectiveMethodInvocation.java:186) ~[spring-aop-5.3.29.jar:5.3.29]
	at org.springframework.aop.framework.JdkDynamicAopProxy.invoke(JdkDynamicAopProxy.java:241) ~[spring-aop-5.3.29.jar:5.3.29]
	at com.sun.proxy.$Proxy118.findByAtivaTrue(Unknown Source) ~[na:na]
	at br.com.radarfornecedor.radar.service.AtividadeService.listarAtivas(AtividadeService.java:26) ~[classes/:na]
	at br.com.radarfornecedor.radar.controller.AtividadeController.listarAtivas(AtividadeController.java:33) ~[classes/:na]
	at java.base/jdk.internal.reflect.NativeMethodAccessorImpl.invoke0(Native Method) ~[na:na]
	at java.base/jdk.internal.reflect.NativeMethodAccessorImpl.invoke(NativeMethodAccessorImpl.java:62) ~[na:na]
	at java.base/jdk.internal.reflect.DelegatingMethodAccessorImpl.invoke(DelegatingMethodAccessorImpl.java:43) ~[na:na]
	at java.base/java.lang.reflect.Method.invoke(Method.java:566) ~[na:na]
	at org.springframework.web.method.support.InvocableHandlerMethod.doInvoke(InvocableHandlerMethod.java:205) ~[spring-web-5.3.29.jar:5.3.29]
	at org.springframework.web.method.support.InvocableHandlerMethod.invokeForRequest(InvocableHandlerMethod.java:150) ~[spring-web-5.3.29.jar:5.3.29]
	at org.springframework.web.servlet.mvc.method.annotation.ServletInvocableHandlerMethod.invokeAndHandle(ServletInvocableHandlerMethod.java:117) ~[spring-webmvc-5.3.29.jar:5.3.29]
	at org.springframework.web.servlet.mvc.method.annotation.RequestMappingHandlerAdapter.invokeHandlerMethod(RequestMappingHandlerAdapter.java:895) ~[spring-webmvc-5.3.29.jar:5.3.29]
	at org.springframework.web.servlet.mvc.method.annotation.RequestMappingHandlerAdapter.handleInternal(RequestMappingHandlerAdapter.java:808) ~[spring-webmvc-5.3.29.jar:5.3.29]
	at org.springframework.web.servlet.mvc.method.AbstractHandlerMethodAdapter.handle(AbstractHandlerMethodAdapter.java:87) ~[spring-webmvc-5.3.29.jar:5.3.29]
	at org.springframework.web.servlet.DispatcherServlet.doDispatch(DispatcherServlet.java:1072) ~[spring-webmvc-5.3.29.jar:5.3.29]
	at org.springframework.web.servlet.DispatcherServlet.doService(DispatcherServlet.java:965) ~[spring-webmvc-5.3.29.jar:5.3.29]
	at org.springframework.web.servlet.FrameworkServlet.processRequest(FrameworkServlet.java:1006) ~[spring-webmvc-5.3.29.jar:5.3.29]
	at org.springframework.web.servlet.FrameworkServlet.doGet(FrameworkServlet.java:898) ~[spring-webmvc-5.3.29.jar:5.3.29]
	at javax.servlet.http.HttpServlet.service(HttpServlet.java:529) ~[tomcat-embed-core-9.0.78.jar:4.0.FR]
	at org.springframework.web.servlet.FrameworkServlet.service(FrameworkServlet.java:883) ~[spring-webmvc-5.3.29.jar:5.3.29]
	at javax.servlet.http.HttpServlet.service(HttpServlet.java:623) ~[tomcat-embed-core-9.0.78.jar:4.0.FR]
	at org.apache.catalina.core.ApplicationFilterChain.internalDoFilter(ApplicationFilterChain.java:209) ~[tomcat-embed-core-9.0.78.jar:9.0.78]
	at org.apache.catalina.core.ApplicationFilterChain.doFilter(ApplicationFilterChain.java:153) ~[tomcat-embed-core-9.0.78.jar:9.0.78]
	at org.apache.tomcat.websocket.server.WsFilter.doFilter(WsFilter.java:51) ~[tomcat-embed-websocket-9.0.78.jar:9.0.78]
	at org.apache.catalina.core.ApplicationFilterChain.internalDoFilter(ApplicationFilterChain.java:178) ~[tomcat-embed-core-9.0.78.jar:9.0.78]
	at org.apache.catalina.core.ApplicationFilterChain.doFilter(ApplicationFilterChain.java:153) ~[tomcat-embed-core-9.0.78.jar:9.0.78]
	at br.com.radarfornecedor.radar.config.SessionFilter.doFilter(SessionFilter.java:59) ~[classes/:na]
	at org.apache.catalina.core.ApplicationFilterChain.internalDoFilter(ApplicationFilterChain.java:178) ~[tomcat-embed-core-9.0.78.jar:9.0.78]
	at org.apache.catalina.core.ApplicationFilterChain.doFilter(ApplicationFilterChain.java:153) ~[tomcat-embed-core-9.0.78.jar:9.0.78]
	at org.springframework.web.filter.RequestContextFilter.doFilterInternal(RequestContextFilter.java:100) ~[spring-web-5.3.29.jar:5.3.29]
	at org.springframework.web.filter.OncePerRequestFilter.doFilter(OncePerRequestFilter.java:117) ~[spring-web-5.3.29.jar:5.3.29]
	at org.apache.catalina.core.ApplicationFilterChain.internalDoFilter(ApplicationFilterChain.java:178) ~[tomcat-embed-core-9.0.78.jar:9.0.78]
	at org.apache.catalina.core.ApplicationFilterChain.doFilter(ApplicationFilterChain.java:153) ~[tomcat-embed-core-9.0.78.jar:9.0.78]
	at org.springframework.web.filter.FormContentFilter.doFilterInternal(FormContentFilter.java:93) ~[spring-web-5.3.29.jar:5.3.29]
	at org.springframework.web.filter.OncePerRequestFilter.doFilter(OncePerRequestFilter.java:117) ~[spring-web-5.3.29.jar:5.3.29]
	at org.apache.catalina.core.ApplicationFilterChain.internalDoFilter(ApplicationFilterChain.java:178) ~[tomcat-embed-core-9.0.78.jar:9.0.78]
	at org.apache.catalina.core.ApplicationFilterChain.doFilter(ApplicationFilterChain.java:153) ~[tomcat-embed-core-9.0.78.jar:9.0.78]
	at org.springframework.web.filter.CharacterEncodingFilter.doFilterInternal(CharacterEncodingFilter.java:201) ~[spring-web-5.3.29.jar:5.3.29]
	at org.springframework.web.filter.OncePerRequestFilter.doFilter(OncePerRequestFilter.java:117) ~[spring-web-5.3.29.jar:5.3.29]
	at org.apache.catalina.core.ApplicationFilterChain.internalDoFilter(ApplicationFilterChain.java:178) ~[tomcat-embed-core-9.0.78.jar:9.0.78]
	at org.apache.catalina.core.ApplicationFilterChain.doFilter(ApplicationFilterChain.java:153) ~[tomcat-embed-core-9.0.78.jar:9.0.78]
	at org.apache.catalina.core.StandardWrapperValve.invoke(StandardWrapperValve.java:167) ~[tomcat-embed-core-9.0.78.jar:9.0.78]
	at org.apache.catalina.core.StandardContextValve.invoke(StandardContextValve.java:90) ~[tomcat-embed-core-9.0.78.jar:9.0.78]
	at org.apache.catalina.authenticator.AuthenticatorBase.invoke(AuthenticatorBase.java:481) ~[tomcat-embed-core-9.0.78.jar:9.0.78]
	at org.apache.catalina.core.StandardHostValve.invoke(StandardHostValve.java:130) ~[tomcat-embed-core-9.0.78.jar:9.0.78]
	at org.apache.catalina.valves.ErrorReportValve.invoke(ErrorReportValve.java:93) ~[tomcat-embed-core-9.0.78.jar:9.0.78]
	at org.apache.catalina.core.StandardEngineValve.invoke(StandardEngineValve.java:74) ~[tomcat-embed-core-9.0.78.jar:9.0.78]
	at org.apache.catalina.connector.CoyoteAdapter.service(CoyoteAdapter.java:343) ~[tomcat-embed-core-9.0.78.jar:9.0.78]
	at org.apache.coyote.http11.Http11Processor.service(Http11Processor.java:390) ~[tomcat-embed-core-9.0.78.jar:9.0.78]
	at org.apache.coyote.AbstractProcessorLight.process(AbstractProcessorLight.java:63) ~[tomcat-embed-core-9.0.78.jar:9.0.78]
	at org.apache.coyote.AbstractProtocol$ConnectionHandler.process(AbstractProtocol.java:926) ~[tomcat-embed-core-9.0.78.jar:9.0.78]
	at org.apache.tomcat.util.net.NioEndpoint$SocketProcessor.doRun(NioEndpoint.java:1791) ~[tomcat-embed-core-9.0.78.jar:9.0.78]
	at org.apache.tomcat.util.net.SocketProcessorBase.run(SocketProcessorBase.java:52) ~[tomcat-embed-core-9.0.78.jar:9.0.78]
	at org.apache.tomcat.util.threads.ThreadPoolExecutor.runWorker(ThreadPoolExecutor.java:1191) ~[tomcat-embed-core-9.0.78.jar:9.0.78]
	at org.apache.tomcat.util.threads.ThreadPoolExecutor$Worker.run(ThreadPoolExecutor.java:659) ~[tomcat-embed-core-9.0.78.jar:9.0.78]
	at org.apache.tomcat.util.threads.TaskThread$WrappingRunnable.run(TaskThread.java:61) ~[tomcat-embed-core-9.0.78.jar:9.0.78]
	at java.base/java.lang.Thread.run(Thread.java:829) ~[na:na]

